Text,Label
"It works as described, no major issues.",Neutral
Customer service was unhelpful and rude.,Negative
"Amazing quality, totally worth the price.",Positive
"I am very satisfied with my purchase, highly recommend.",Positive
"I am disappointed, it did not meet my expectations.",Negative
Customer service was unhelpful and rude.,Negative
"Very poor quality, not worth the money.",Negative
"The experience was average, not bad.",Neutral
Item arrived late and was damaged.,Negative
The product exceeded my expectations and works flawlessly.,Positive
"Very poor quality, not worth the money.",Negative
"Delivery was on time, but packaging could be better.",Neutral
The product exceeded my expectations and works flawlessly.,Positive
The product stopped working after a few days.,Negative
"Very poor quality, not worth the money.",Negative
"Very poor quality, not worth the money.",Negative
"I am disappointed, it did not meet my expectations.",Negative
Item arrived late and was damaged.,Negative
"Delivery was on time, but packaging could be better.",Neutral
Item arrived late and was damaged.,Negative
"I am very satisfied with my purchase, highly recommend.",Positive
"I am disappointed, it did not meet my expectations.",Negative
The product stopped working after a few days.,Negative
"Delivery was on time, but packaging could be better.",Neutral
The product exceeded my expectations and works flawlessly.,Positive
"I am disappointed, it did not meet my expectations.",Negative
The product is functional but lacks some features.,Neutral
"I am disappointed, it did not meet my expectations.",Negative
"Delivery was on time, but packaging could be better.",Neutral
Excellent customer service and great product.,Positive
"I am very satisfied with my purchase, highly recommend.",Positive
"I am very satisfied with my purchase, highly recommend.",Positive
Item arrived late and was damaged.,Negative
Item arrived late and was damaged.,Negative
"I am disappointed, it did not meet my expectations.",Negative
The product exceeded my expectations and works flawlessly.,Positive
"Very poor quality, not worth the money.",Negative
Excellent customer service and great product.,Positive
Excellent customer service and great product.,Positive
"Delivery was on time, but packaging could be better.",Neutral
The product exceeded my expectations and works flawlessly.,Positive
"Delivery was on time, but packaging could be better.",Neutral
Item arrived late and was damaged.,Negative
The product stopped working after a few days.,Negative
"The experience was average, not bad.",Neutral
"It works as described, no major issues.",Neutral
Excellent customer service and great product.,Positive
"It works as described, no major issues.",Neutral
The product stopped working after a few days.,Negative
"The experience was average, not bad.",Neutral
"Delivery was on time, but packaging could be better.",Neutral
Excellent customer service and great product.,Positive
The product exceeded my expectations and works flawlessly.,Positive
Excellent customer service and great product.,Positive
Excellent customer service and great product.,Positive
The product is functional but lacks some features.,Neutral
The product exceeded my expectations and works flawlessly.,Positive
The product stopped working after a few days.,Negative
"The product is okay, nothing special.",Neutral
The product exceeded my expectations and works flawlessly.,Positive
The product is functional but lacks some features.,Neutral
Excellent customer service and great product.,Positive
The product exceeded my expectations and works flawlessly.,Positive
"Very poor quality, not worth the money.",Negative
The product exceeded my expectations and works flawlessly.,Positive
The product stopped working after a few days.,Negative
"Delivery was on time, but packaging could be better.",Neutral
The product is functional but lacks some features.,Neutral
"The product is okay, nothing special.",Neutral
"Amazing quality, totally worth the price.",Positive
"Very poor quality, not worth the money.",Negative
The product stopped working after a few days.,Negative
"Amazing quality, totally worth the price.",Positive
"The product is okay, nothing special.",Neutral
Excellent customer service and great product.,Positive
"Delivery was on time, but packaging could be better.",Neutral
"Amazing quality, totally worth the price.",Positive
The product is functional but lacks some features.,Neutral
The product exceeded my expectations and works flawlessly.,Positive
Customer service was unhelpful and rude.,Negative
The product is functional but lacks some features.,Neutral
"I am very satisfied with my purchase, highly recommend.",Positive
"The experience was average, not bad.",Neutral
"I am very satisfied with my purchase, highly recommend.",Positive
"Amazing quality, totally worth the price.",Positive
"It works as described, no major issues.",Neutral
Customer service was unhelpful and rude.,Negative
The product exceeded my expectations and works flawlessly.,Positive
"I am very satisfied with my purchase, highly recommend.",Positive
Excellent customer service and great product.,Positive
The product is functional but lacks some features.,Neutral
The item arrived on time and in perfect condition.,Positive
Excellent customer service and great product.,Positive
"I am disappointed, it did not meet my expectations.",Negative
"Very poor quality, not worth the money.",Negative
"It works as described, no major issues.",Neutral
"Amazing quality, totally worth the price.",Positive
"Delivery was on time, but packaging could be better.",Neutral
The product exceeded my expectations and works flawlessly.,Positive
Excellent customer service and great product.,Positive
The item arrived on time and in perfect condition.,Positive
The product stopped working after a few days.,Negative
"Very poor quality, not worth the money.",Negative
Customer service was unhelpful and rude.,Negative
"The experience was average, not bad.",Neutral
Customer service was unhelpful and rude.,Negative
"I am disappointed, it did not meet my expectations.",Negative
"I am disappointed, it did not meet my expectations.",Negative
Customer service was unhelpful and rude.,Negative
Excellent customer service and great product.,Positive
The product is functional but lacks some features.,Neutral
The item arrived on time and in perfect condition.,Positive
The product is functional but lacks some features.,Neutral
"The product is okay, nothing special.",Neutral
The product is functional but lacks some features.,Neutral
"Very poor quality, not worth the money.",Negative
The item arrived on time and in perfect condition.,Positive
"I am very satisfied with my purchase, highly recommend.",Positive
"It works as described, no major issues.",Neutral
The product is functional but lacks some features.,Neutral
Excellent customer service and great product.,Positive
"It works as described, no major issues.",Neutral
"The product is okay, nothing special.",Neutral
The product is functional but lacks some features.,Neutral
"Delivery was on time, but packaging could be better.",Neutral
"Very poor quality, not worth the money.",Negative
"Very poor quality, not worth the money.",Negative
"The product is okay, nothing special.",Neutral
"The experience was average, not bad.",Neutral
The item arrived on time and in perfect condition.,Positive
The product stopped working after a few days.,Negative
"Very poor quality, not worth the money.",Negative
"Amazing quality, totally worth the price.",Positive
Item arrived late and was damaged.,Negative
Customer service was unhelpful and rude.,Negative
"It works as described, no major issues.",Neutral
"The experience was average, not bad.",Neutral
"I am very satisfied with my purchase, highly recommend.",Positive
"Amazing quality, totally worth the price.",Positive
The product exceeded my expectations and works flawlessly.,Positive
The product exceeded my expectations and works flawlessly.,Positive
"Very poor quality, not worth the money.",Negative
"I am disappointed, it did not meet my expectations.",Negative
"The experience was average, not bad.",Neutral
The product is functional but lacks some features.,Neutral
"Amazing quality, totally worth the price.",Positive
Excellent customer service and great product.,Positive
"Delivery was on time, but packaging could be better.",Neutral
"The experience was average, not bad.",Neutral
"I am very satisfied with my purchase, highly recommend.",Positive
"The experience was average, not bad.",Neutral
Customer service was unhelpful and rude.,Negative
Customer service was unhelpful and rude.,Negative
"The experience was average, not bad.",Neutral
The product is functional but lacks some features.,Neutral
"Amazing quality, totally worth the price.",Positive
"I am very satisfied with my purchase, highly recommend.",Positive
"It works as described, no major issues.",Neutral
The product is functional but lacks some features.,Neutral
"I am very satisfied with my purchase, highly recommend.",Positive
"The experience was average, not bad.",Neutral
"The product is okay, nothing special.",Neutral
The product is functional but lacks some features.,Neutral
The product stopped working after a few days.,Negative
"Delivery was on time, but packaging could be better.",Neutral
"Delivery was on time, but packaging could be better.",Neutral
The item arrived on time and in perfect condition.,Positive
Customer service was unhelpful and rude.,Negative
"I am disappointed, it did not meet my expectations.",Negative
"The product is okay, nothing special.",Neutral
"I am very satisfied with my purchase, highly recommend.",Positive
"Amazing quality, totally worth the price.",Positive
"Amazing quality, totally worth the price.",Positive
"It works as described, no major issues.",Neutral
The item arrived on time and in perfect condition.,Positive
"It works as described, no major issues.",Neutral
"Amazing quality, totally worth the price.",Positive
"Amazing quality, totally worth the price.",Positive
Excellent customer service and great product.,Positive
Item arrived late and was damaged.,Negative
"Amazing quality, totally worth the price.",Positive
"It works as described, no major issues.",Neutral
The product stopped working after a few days.,Negative
"I am very satisfied with my purchase, highly recommend.",Positive
"The experience was average, not bad.",Neutral
"Amazing quality, totally worth the price.",Positive
Excellent customer service and great product.,Positive
"I am very satisfied with my purchase, highly recommend.",Positive
"Amazing quality, totally worth the price.",Positive
Excellent customer service and great product.,Positive
Excellent customer service and great product.,Positive
"It works as described, no major issues.",Neutral
"The experience was average, not bad.",Neutral
"I am very satisfied with my purchase, highly recommend.",Positive
The product stopped working after a few days.,Negative
"Very poor quality, not worth the money.",Negative
"The experience was average, not bad.",Neutral
Excellent customer service and great product.,Positive
"I am disappointed, it did not meet my expectations.",Negative
The product is functional but lacks some features.,Neutral
"I am disappointed, it did not meet my expectations.",Negative
"I am disappointed, it did not meet my expectations.",Negative
Customer service was unhelpful and rude.,Negative
Item arrived late and was damaged.,Negative
"I am disappointed, it did not meet my expectations.",Negative
The product is functional but lacks some features.,Neutral
"I am disappointed, it did not meet my expectations.",Negative
The item arrived on time and in perfect condition.,Positive
The product exceeded my expectations and works flawlessly.,Positive
The product stopped working after a few days.,Negative
"I am very satisfied with my purchase, highly recommend.",Positive
The item arrived on time and in perfect condition.,Positive
The product stopped working after a few days.,Negative
Item arrived late and was damaged.,Negative
"Amazing quality, totally worth the price.",Positive
The product is functional but lacks some features.,Neutral
The item arrived on time and in perfect condition.,Positive
The product stopped working after a few days.,Negative
"Very poor quality, not worth the money.",Negative
The item arrived on time and in perfect condition.,Positive
The product exceeded my expectations and works flawlessly.,Positive
The product stopped working after a few days.,Negative
The product exceeded my expectations and works flawlessly.,Positive
"The experience was average, not bad.",Neutral
"Very poor quality, not worth the money.",Negative
The product exceeded my expectations and works flawlessly.,Positive
"It works as described, no major issues.",Neutral
Excellent customer service and great product.,Positive
"It works as described, no major issues.",Neutral
"It works as described, no major issues.",Neutral
The product stopped working after a few days.,Negative
"I am disappointed, it did not meet my expectations.",Negative
"I am disappointed, it did not meet my expectations.",Negative
"The experience was average, not bad.",Neutral
"I am very satisfied with my purchase, highly recommend.",Positive
"Very poor quality, not worth the money.",Negative
"I am disappointed, it did not meet my expectations.",Negative
The product stopped working after a few days.,Negative
The product exceeded my expectations and works flawlessly.,Positive
"The product is okay, nothing special.",Neutral
"I am very satisfied with my purchase, highly recommend.",Positive
The product exceeded my expectations and works flawlessly.,Positive
"Amazing quality, totally worth the price.",Positive
"The experience was average, not bad.",Neutral
The product exceeded my expectations and works flawlessly.,Positive
The product is functional but lacks some features.,Neutral
The product exceeded my expectations and works flawlessly.,Positive
"The product is okay, nothing special.",Neutral
"Delivery was on time, but packaging could be better.",Neutral
Customer service was unhelpful and rude.,Negative
The item arrived on time and in perfect condition.,Positive
"Very poor quality, not worth the money.",Negative
"I am disappointed, it did not meet my expectations.",Negative
Item arrived late and was damaged.,Negative
The product stopped working after a few days.,Negative
"Amazing quality, totally worth the price.",Positive
"It works as described, no major issues.",Neutral
The product exceeded my expectations and works flawlessly.,Positive
"It works as described, no major issues.",Neutral
"Delivery was on time, but packaging could be better.",Neutral
"The product is okay, nothing special.",Neutral
"I am disappointed, it did not meet my expectations.",Negative
"Amazing quality, totally worth the price.",Positive
"The experience was average, not bad.",Neutral
Item arrived late and was damaged.,Negative
"Amazing quality, totally worth the price.",Positive
"Very poor quality, not worth the money.",Negative
"The product is okay, nothing special.",Neutral
"I am very satisfied with my purchase, highly recommend.",Positive
"Very poor quality, not worth the money.",Negative
Excellent customer service and great product.,Positive
"Very poor quality, not worth the money.",Negative
"The product is okay, nothing special.",Neutral
"The experience was average, not bad.",Neutral
Item arrived late and was damaged.,Negative
"I am disappointed, it did not meet my expectations.",Negative
"The product is okay, nothing special.",Neutral
The product is functional but lacks some features.,Neutral
"I am very satisfied with my purchase, highly recommend.",Positive
"The product is okay, nothing special.",Neutral
Customer service was unhelpful and rude.,Negative
"I am very satisfied with my purchase, highly recommend.",Positive
Excellent customer service and great product.,Positive
Customer service was unhelpful and rude.,Negative
"I am very satisfied with my purchase, highly recommend.",Positive
The item arrived on time and in perfect condition.,Positive
"It works as described, no major issues.",Neutral
The product stopped working after a few days.,Negative
The product stopped working after a few days.,Negative
"The experience was average, not bad.",Neutral
"Very poor quality, not worth the money.",Negative
"It works as described, no major issues.",Neutral
Excellent customer service and great product.,Positive
Customer service was unhelpful and rude.,Negative
Excellent customer service and great product.,Positive
"The experience was average, not bad.",Neutral
The product is functional but lacks some features.,Neutral
Excellent customer service and great product.,Positive
The item arrived on time and in perfect condition.,Positive
"The experience was average, not bad.",Neutral
Excellent customer service and great product.,Positive
The product is functional but lacks some features.,Neutral
The item arrived on time and in perfect condition.,Positive
"The experience was average, not bad.",Neutral
The item arrived on time and in perfect condition.,Positive
"The experience was average, not bad.",Neutral
"The experience was average, not bad.",Neutral
"Delivery was on time, but packaging could be better.",Neutral
"It works as described, no major issues.",Neutral
"I am very satisfied with my purchase, highly recommend.",Positive
"Very poor quality, not worth the money.",Negative
"It works as described, no major issues.",Neutral
Excellent customer service and great product.,Positive
"The product is okay, nothing special.",Neutral
The product is functional but lacks some features.,Neutral
"Amazing quality, totally worth the price.",Positive
"The product is okay, nothing special.",Neutral
Excellent customer service and great product.,Positive
"The product is okay, nothing special.",Neutral
"The product is okay, nothing special.",Neutral
The product is functional but lacks some features.,Neutral
"I am disappointed, it did not meet my expectations.",Negative
"The experience was average, not bad.",Neutral
"I am disappointed, it did not meet my expectations.",Negative
"I am very satisfied with my purchase, highly recommend.",Positive
The item arrived on time and in perfect condition.,Positive
"It works as described, no major issues.",Neutral
"Very poor quality, not worth the money.",Negative
"The product is okay, nothing special.",Neutral
Item arrived late and was damaged.,Negative
"Delivery was on time, but packaging could be better.",Neutral
The product stopped working after a few days.,Negative
"I am very satisfied with my purchase, highly recommend.",Positive
"I am very satisfied with my purchase, highly recommend.",Positive
"Very poor quality, not worth the money.",Negative
Excellent customer service and great product.,Positive
The product is functional but lacks some features.,Neutral
Excellent customer service and great product.,Positive
"I am disappointed, it did not meet my expectations.",Negative
The product is functional but lacks some features.,Neutral
The item arrived on time and in perfect condition.,Positive
Excellent customer service and great product.,Positive
The item arrived on time and in perfect condition.,Positive
"It works as described, no major issues.",Neutral
"I am disappointed, it did not meet my expectations.",Negative
The product exceeded my expectations and works flawlessly.,Positive
"It works as described, no major issues.",Neutral
"Delivery was on time, but packaging could be better.",Neutral
"Delivery was on time, but packaging could be better.",Neutral
"Very poor quality, not worth the money.",Negative
"The product is okay, nothing special.",Neutral
"I am very satisfied with my purchase, highly recommend.",Positive
"It works as described, no major issues.",Neutral
"I am very satisfied with my purchase, highly recommend.",Positive
The item arrived on time and in perfect condition.,Positive
Excellent customer service and great product.,Positive
"Very poor quality, not worth the money.",Negative
"I am disappointed, it did not meet my expectations.",Negative
"I am disappointed, it did not meet my expectations.",Negative
"Amazing quality, totally worth the price.",Positive
Customer service was unhelpful and rude.,Negative
"I am very satisfied with my purchase, highly recommend.",Positive
"Very poor quality, not worth the money.",Negative
Customer service was unhelpful and rude.,Negative
Customer service was unhelpful and rude.,Negative
"The experience was average, not bad.",Neutral
"The experience was average, not bad.",Neutral
"I am disappointed, it did not meet my expectations.",Negative
Customer service was unhelpful and rude.,Negative
"The product is okay, nothing special.",Neutral
"It works as described, no major issues.",Neutral
"It works as described, no major issues.",Neutral
"I am very satisfied with my purchase, highly recommend.",Positive
The product exceeded my expectations and works flawlessly.,Positive
"It works as described, no major issues.",Neutral
The product stopped working after a few days.,Negative
"Delivery was on time, but packaging could be better.",Neutral
"Delivery was on time, but packaging could be better.",Neutral
Customer service was unhelpful and rude.,Negative
The product stopped working after a few days.,Negative
"It works as described, no major issues.",Neutral
The item arrived on time and in perfect condition.,Positive
"I am disappointed, it did not meet my expectations.",Negative
Excellent customer service and great product.,Positive
"It works as described, no major issues.",Neutral
The product stopped working after a few days.,Negative
Customer service was unhelpful and rude.,Negative
"I am disappointed, it did not meet my expectations.",Negative
The item arrived on time and in perfect condition.,Positive
The product stopped working after a few days.,Negative
"Delivery was on time, but packaging could be better.",Neutral
"The experience was average, not bad.",Neutral
The item arrived on time and in perfect condition.,Positive
"I am disappointed, it did not meet my expectations.",Negative
"Amazing quality, totally worth the price.",Positive
"Amazing quality, totally worth the price.",Positive
"The experience was average, not bad.",Neutral
"The product is okay, nothing special.",Neutral
Item arrived late and was damaged.,Negative
"The product is okay, nothing special.",Neutral
Item arrived late and was damaged.,Negative
"Very poor quality, not worth the money.",Negative
Item arrived late and was damaged.,Negative
"I am very satisfied with my purchase, highly recommend.",Positive
Item arrived late and was damaged.,Negative
The product is functional but lacks some features.,Neutral
Excellent customer service and great product.,Positive
The product is functional but lacks some features.,Neutral
Item arrived late and was damaged.,Negative
"Amazing quality, totally worth the price.",Positive
"Amazing quality, totally worth the price.",Positive
The product stopped working after a few days.,Negative
The product is functional but lacks some features.,Neutral
"Delivery was on time, but packaging could be better.",Neutral
The item arrived on time and in perfect condition.,Positive
"Amazing quality, totally worth the price.",Positive
"Delivery was on time, but packaging could be better.",Neutral
The product is functional but lacks some features.,Neutral
"Delivery was on time, but packaging could be better.",Neutral
Excellent customer service and great product.,Positive
"Delivery was on time, but packaging could be better.",Neutral
"Delivery was on time, but packaging could be better.",Neutral
The product is functional but lacks some features.,Neutral
Item arrived late and was damaged.,Negative
Customer service was unhelpful and rude.,Negative
"The product is okay, nothing special.",Neutral
"Delivery was on time, but packaging could be better.",Neutral
Excellent customer service and great product.,Positive
The product stopped working after a few days.,Negative
Item arrived late and was damaged.,Negative
The product stopped working after a few days.,Negative
The item arrived on time and in perfect condition.,Positive
"The product is okay, nothing special.",Neutral
Excellent customer service and great product.,Positive
"I am very satisfied with my purchase, highly recommend.",Positive
"The product is okay, nothing special.",Neutral
"Very poor quality, not worth the money.",Negative
The product exceeded my expectations and works flawlessly.,Positive
"I am very satisfied with my purchase, highly recommend.",Positive
"The experience was average, not bad.",Neutral
The product exceeded my expectations and works flawlessly.,Positive
"The product is okay, nothing special.",Neutral
"Amazing quality, totally worth the price.",Positive
Customer service was unhelpful and rude.,Negative
"Amazing quality, totally worth the price.",Positive
"I am disappointed, it did not meet my expectations.",Negative
"It works as described, no major issues.",Neutral
The product exceeded my expectations and works flawlessly.,Positive
Item arrived late and was damaged.,Negative
"Amazing quality, totally worth the price.",Positive
"I am disappointed, it did not meet my expectations.",Negative
The product exceeded my expectations and works flawlessly.,Positive
The product stopped working after a few days.,Negative
Excellent customer service and great product.,Positive
"Amazing quality, totally worth the price.",Positive
Item arrived late and was damaged.,Negative
"I am disappointed, it did not meet my expectations.",Negative
"It works as described, no major issues.",Neutral
Excellent customer service and great product.,Positive
Excellent customer service and great product.,Positive
"Very poor quality, not worth the money.",Negative
"The experience was average, not bad.",Neutral
Customer service was unhelpful and rude.,Negative
Excellent customer service and great product.,Positive
"I am very satisfied with my purchase, highly recommend.",Positive
The product is functional but lacks some features.,Neutral
"I am disappointed, it did not meet my expectations.",Negative
"Delivery was on time, but packaging could be better.",Neutral
"It works as described, no major issues.",Neutral
"Very poor quality, not worth the money.",Negative
"Very poor quality, not worth the money.",Negative
The product exceeded my expectations and works flawlessly.,Positive
"Amazing quality, totally worth the price.",Positive
The product exceeded my expectations and works flawlessly.,Positive
"Delivery was on time, but packaging could be better.",Neutral
"Amazing quality, totally worth the price.",Positive
"Very poor quality, not worth the money.",Negative
"It works as described, no major issues.",Neutral
"It works as described, no major issues.",Neutral
Item arrived late and was damaged.,Negative
"I am disappointed, it did not meet my expectations.",Negative
The product exceeded my expectations and works flawlessly.,Positive
The product is functional but lacks some features.,Neutral
Excellent customer service and great product.,Positive
The product stopped working after a few days.,Negative
"I am disappointed, it did not meet my expectations.",Negative
The product is functional but lacks some features.,Neutral
The product exceeded my expectations and works flawlessly.,Positive
The product stopped working after a few days.,Negative
"Very poor quality, not worth the money.",Negative
The product is functional but lacks some features.,Neutral
"I am disappointed, it did not meet my expectations.",Negative
"I am disappointed, it did not meet my expectations.",Negative
"I am disappointed, it did not meet my expectations.",Negative
"Very poor quality, not worth the money.",Negative
"It works as described, no major issues.",Neutral
The product exceeded my expectations and works flawlessly.,Positive
"Delivery was on time, but packaging could be better.",Neutral
Item arrived late and was damaged.,Negative
The product is functional but lacks some features.,Neutral
"It works as described, no major issues.",Neutral
Item arrived late and was damaged.,Negative
The product exceeded my expectations and works flawlessly.,Positive
Item arrived late and was damaged.,Negative
"Delivery was on time, but packaging could be better.",Neutral
Item arrived late and was damaged.,Negative
Excellent customer service and great product.,Positive
The product exceeded my expectations and works flawlessly.,Positive
"Amazing quality, totally worth the price.",Positive
The item arrived on time and in perfect condition.,Positive
Excellent customer service and great product.,Positive
"Amazing quality, totally worth the price.",Positive
"Very poor quality, not worth the money.",Negative
"It works as described, no major issues.",Neutral
Customer service was unhelpful and rude.,Negative
The product exceeded my expectations and works flawlessly.,Positive
"I am very satisfied with my purchase, highly recommend.",Positive
"The experience was average, not bad.",Neutral
The product stopped working after a few days.,Negative
"I am disappointed, it did not meet my expectations.",Negative
"Amazing quality, totally worth the price.",Positive
"It works as described, no major issues.",Neutral
The product stopped working after a few days.,Negative
"I am very satisfied with my purchase, highly recommend.",Positive
"The product is okay, nothing special.",Neutral
Excellent customer service and great product.,Positive
"It works as described, no major issues.",Neutral
"Amazing quality, totally worth the price.",Positive
Customer service was unhelpful and rude.,Negative
"I am disappointed, it did not meet my expectations.",Negative
"Delivery was on time, but packaging could be better.",Neutral
The product stopped working after a few days.,Negative
The product exceeded my expectations and works flawlessly.,Positive
Excellent customer service and great product.,Positive
"Amazing quality, totally worth the price.",Positive
The item arrived on time and in perfect condition.,Positive
"It works as described, no major issues.",Neutral
"I am very satisfied with my purchase, highly recommend.",Positive
"The product is okay, nothing special.",Neutral
The product exceeded my expectations and works flawlessly.,Positive
"Very poor quality, not worth the money.",Negative
"It works as described, no major issues.",Neutral
The product stopped working after a few days.,Negative
"I am disappointed, it did not meet my expectations.",Negative
Item arrived late and was damaged.,Negative
"It works as described, no major issues.",Neutral
"Amazing quality, totally worth the price.",Positive
The item arrived on time and in perfect condition.,Positive
"The experience was average, not bad.",Neutral
The product stopped working after a few days.,Negative
"Amazing quality, totally worth the price.",Positive
Excellent customer service and great product.,Positive
The product stopped working after a few days.,Negative
The product stopped working after a few days.,Negative
The item arrived on time and in perfect condition.,Positive
"Amazing quality, totally worth the price.",Positive
Item arrived late and was damaged.,Negative
Item arrived late and was damaged.,Negative
"Very poor quality, not worth the money.",Negative
The product is functional but lacks some features.,Neutral
"Delivery was on time, but packaging could be better.",Neutral
"The product is okay, nothing special.",Neutral
The product exceeded my expectations and works flawlessly.,Positive
"It works as described, no major issues.",Neutral
"I am disappointed, it did not meet my expectations.",Negative
"Amazing quality, totally worth the price.",Positive
"The experience was average, not bad.",Neutral
Excellent customer service and great product.,Positive
"Delivery was on time, but packaging could be better.",Neutral
"Delivery was on time, but packaging could be better.",Neutral
"I am disappointed, it did not meet my expectations.",Negative
Item arrived late and was damaged.,Negative
Excellent customer service and great product.,Positive
Excellent customer service and great product.,Positive
The product stopped working after a few days.,Negative
Item arrived late and was damaged.,Negative
Excellent customer service and great product.,Positive
The item arrived on time and in perfect condition.,Positive
Excellent customer service and great product.,Positive
The product stopped working after a few days.,Negative
Item arrived late and was damaged.,Negative
"It works as described, no major issues.",Neutral
"The experience was average, not bad.",Neutral
The product is functional but lacks some features.,Neutral
Item arrived late and was damaged.,Negative
"I am disappointed, it did not meet my expectations.",Negative
The product exceeded my expectations and works flawlessly.,Positive
"Delivery was on time, but packaging could be better.",Neutral
"Delivery was on time, but packaging could be better.",Neutral
Customer service was unhelpful and rude.,Negative
"The experience was average, not bad.",Neutral
"Delivery was on time, but packaging could be better.",Neutral
"The experience was average, not bad.",Neutral
"Delivery was on time, but packaging could be better.",Neutral
"Very poor quality, not worth the money.",Negative
"The experience was average, not bad.",Neutral
The item arrived on time and in perfect condition.,Positive
"The product is okay, nothing special.",Neutral
The product stopped working after a few days.,Negative
"Amazing quality, totally worth the price.",Positive
"I am disappointed, it did not meet my expectations.",Negative
The product exceeded my expectations and works flawlessly.,Positive
"Amazing quality, totally worth the price.",Positive
"The experience was average, not bad.",Neutral
"The experience was average, not bad.",Neutral
"Very poor quality, not worth the money.",Negative
"It works as described, no major issues.",Neutral
"Very poor quality, not worth the money.",Negative
"The experience was average, not bad.",Neutral
"Amazing quality, totally worth the price.",Positive
"Delivery was on time, but packaging could be better.",Neutral
"I am very satisfied with my purchase, highly recommend.",Positive
"The experience was average, not bad.",Neutral
"I am very satisfied with my purchase, highly recommend.",Positive
"The product is okay, nothing special.",Neutral
Customer service was unhelpful and rude.,Negative
The product exceeded my expectations and works flawlessly.,Positive
The product is functional but lacks some features.,Neutral
Excellent customer service and great product.,Positive
Excellent customer service and great product.,Positive
"I am very satisfied with my purchase, highly recommend.",Positive
Item arrived late and was damaged.,Negative
"The experience was average, not bad.",Neutral
The product stopped working after a few days.,Negative
"It works as described, no major issues.",Neutral
"It works as described, no major issues.",Neutral
"I am very satisfied with my purchase, highly recommend.",Positive
"Very poor quality, not worth the money.",Negative
"Amazing quality, totally worth the price.",Positive
"I am disappointed, it did not meet my expectations.",Negative
The item arrived on time and in perfect condition.,Positive
The product is functional but lacks some features.,Neutral
"Amazing quality, totally worth the price.",Positive
The item arrived on time and in perfect condition.,Positive
"I am very satisfied with my purchase, highly recommend.",Positive
The product stopped working after a few days.,Negative
Item arrived late and was damaged.,Negative
"I am disappointed, it did not meet my expectations.",Negative
"It works as described, no major issues.",Neutral
"I am disappointed, it did not meet my expectations.",Negative
"The product is okay, nothing special.",Neutral
"Amazing quality, totally worth the price.",Positive
"I am disappointed, it did not meet my expectations.",Negative
"The experience was average, not bad.",Neutral
The product is functional but lacks some features.,Neutral
"Delivery was on time, but packaging could be better.",Neutral
The product is functional but lacks some features.,Neutral
"I am very satisfied with my purchase, highly recommend.",Positive
Customer service was unhelpful and rude.,Negative
The product stopped working after a few days.,Negative
The product stopped working after a few days.,Negative
The product exceeded my expectations and works flawlessly.,Positive
"I am disappointed, it did not meet my expectations.",Negative
Item arrived late and was damaged.,Negative
"Delivery was on time, but packaging could be better.",Neutral
"I am disappointed, it did not meet my expectations.",Negative
"Delivery was on time, but packaging could be better.",Neutral
"The experience was average, not bad.",Neutral
"I am disappointed, it did not meet my expectations.",Negative
"I am very satisfied with my purchase, highly recommend.",Positive
"Amazing quality, totally worth the price.",Positive
The item arrived on time and in perfect condition.,Positive
The product stopped working after a few days.,Negative
"I am very satisfied with my purchase, highly recommend.",Positive
"I am very satisfied with my purchase, highly recommend.",Positive
Excellent customer service and great product.,Positive
"Very poor quality, not worth the money.",Negative
"It works as described, no major issues.",Neutral
The product is functional but lacks some features.,Neutral
"It works as described, no major issues.",Neutral
"I am disappointed, it did not meet my expectations.",Negative
"The experience was average, not bad.",Neutral
"Delivery was on time, but packaging could be better.",Neutral
"The product is okay, nothing special.",Neutral
Item arrived late and was damaged.,Negative
"Delivery was on time, but packaging could be better.",Neutral
The product stopped working after a few days.,Negative
"Very poor quality, not worth the money.",Negative
The product exceeded my expectations and works flawlessly.,Positive
"Amazing quality, totally worth the price.",Positive
Customer service was unhelpful and rude.,Negative
The item arrived on time and in perfect condition.,Positive
"Delivery was on time, but packaging could be better.",Neutral
The item arrived on time and in perfect condition.,Positive
"Amazing quality, totally worth the price.",Positive
The item arrived on time and in perfect condition.,Positive
"The experience was average, not bad.",Neutral
The product stopped working after a few days.,Negative
"It works as described, no major issues.",Neutral
"Delivery was on time, but packaging could be better.",Neutral
The item arrived on time and in perfect condition.,Positive
Customer service was unhelpful and rude.,Negative
"Delivery was on time, but packaging could be better.",Neutral
The product exceeded my expectations and works flawlessly.,Positive
The item arrived on time and in perfect condition.,Positive
"I am disappointed, it did not meet my expectations.",Negative
The product exceeded my expectations and works flawlessly.,Positive
"Delivery was on time, but packaging could be better.",Neutral
The product exceeded my expectations and works flawlessly.,Positive
"The product is okay, nothing special.",Neutral
Excellent customer service and great product.,Positive
The product stopped working after a few days.,Negative
"Very poor quality, not worth the money.",Negative
"The product is okay, nothing special.",Neutral
"I am very satisfied with my purchase, highly recommend.",Positive
"I am disappointed, it did not meet my expectations.",Negative
"The experience was average, not bad.",Neutral
The product is functional but lacks some features.,Neutral
"I am disappointed, it did not meet my expectations.",Negative
"Amazing quality, totally worth the price.",Positive
"I am disappointed, it did not meet my expectations.",Negative
Item arrived late and was damaged.,Negative
"It works as described, no major issues.",Neutral
"Amazing quality, totally worth the price.",Positive
"It works as described, no major issues.",Neutral
"Amazing quality, totally worth the price.",Positive
"The experience was average, not bad.",Neutral
"Very poor quality, not worth the money.",Negative
"Delivery was on time, but packaging could be better.",Neutral
"Amazing quality, totally worth the price.",Positive
Customer service was unhelpful and rude.,Negative
"I am very satisfied with my purchase, highly recommend.",Positive
Excellent customer service and great product.,Positive
"It works as described, no major issues.",Neutral
Excellent customer service and great product.,Positive
"Delivery was on time, but packaging could be better.",Neutral
"Amazing quality, totally worth the price.",Positive
"It works as described, no major issues.",Neutral
The product exceeded my expectations and works flawlessly.,Positive
"Very poor quality, not worth the money.",Negative
The product stopped working after a few days.,Negative
"I am disappointed, it did not meet my expectations.",Negative
"Amazing quality, totally worth the price.",Positive
"I am disappointed, it did not meet my expectations.",Negative
The item arrived on time and in perfect condition.,Positive
"Delivery was on time, but packaging could be better.",Neutral
"Delivery was on time, but packaging could be better.",Neutral
The product stopped working after a few days.,Negative
"Delivery was on time, but packaging could be better.",Neutral
Excellent customer service and great product.,Positive
"I am disappointed, it did not meet my expectations.",Negative
The product exceeded my expectations and works flawlessly.,Positive
The item arrived on time and in perfect condition.,Positive
"Amazing quality, totally worth the price.",Positive
"Very poor quality, not worth the money.",Negative
"Amazing quality, totally worth the price.",Positive
"The experience was average, not bad.",Neutral
The product stopped working after a few days.,Negative
"Very poor quality, not worth the money.",Negative
"Amazing quality, totally worth the price.",Positive
"The product is okay, nothing special.",Neutral
"It works as described, no major issues.",Neutral
"Very poor quality, not worth the money.",Negative
The product is functional but lacks some features.,Neutral
"It works as described, no major issues.",Neutral
"I am very satisfied with my purchase, highly recommend.",Positive
The product exceeded my expectations and works flawlessly.,Positive
"Delivery was on time, but packaging could be better.",Neutral
"Delivery was on time, but packaging could be better.",Neutral
Customer service was unhelpful and rude.,Negative
"The product is okay, nothing special.",Neutral
"Very poor quality, not worth the money.",Negative
"It works as described, no major issues.",Neutral
"It works as described, no major issues.",Neutral
"I am very satisfied with my purchase, highly recommend.",Positive
"The experience was average, not bad.",Neutral
"Very poor quality, not worth the money.",Negative
"Delivery was on time, but packaging could be better.",Neutral
The item arrived on time and in perfect condition.,Positive
"It works as described, no major issues.",Neutral
The product stopped working after a few days.,Negative
"The experience was average, not bad.",Neutral
"Delivery was on time, but packaging could be better.",Neutral
"Delivery was on time, but packaging could be better.",Neutral
"Amazing quality, totally worth the price.",Positive
Customer service was unhelpful and rude.,Negative
The product is functional but lacks some features.,Neutral
"I am disappointed, it did not meet my expectations.",Negative
The product exceeded my expectations and works flawlessly.,Positive
"The product is okay, nothing special.",Neutral
"The experience was average, not bad.",Neutral
The product is functional but lacks some features.,Neutral
"I am very satisfied with my purchase, highly recommend.",Positive
The item arrived on time and in perfect condition.,Positive
"I am very satisfied with my purchase, highly recommend.",Positive
Item arrived late and was damaged.,Negative
The item arrived on time and in perfect condition.,Positive
The product stopped working after a few days.,Negative
"I am very satisfied with my purchase, highly recommend.",Positive
"Delivery was on time, but packaging could be better.",Neutral
Customer service was unhelpful and rude.,Negative
The item arrived on time and in perfect condition.,Positive
"I am disappointed, it did not meet my expectations.",Negative
"The product is okay, nothing special.",Neutral
The product exceeded my expectations and works flawlessly.,Positive
"Delivery was on time, but packaging could be better.",Neutral
"The product is okay, nothing special.",Neutral
"Amazing quality, totally worth the price.",Positive
"The experience was average, not bad.",Neutral
The product exceeded my expectations and works flawlessly.,Positive
Excellent customer service and great product.,Positive
"Very poor quality, not worth the money.",Negative
The item arrived on time and in perfect condition.,Positive
"The experience was average, not bad.",Neutral
"Amazing quality, totally worth the price.",Positive
"The product is okay, nothing special.",Neutral
"The product is okay, nothing special.",Neutral
The product is functional but lacks some features.,Neutral
"I am very satisfied with my purchase, highly recommend.",Positive
"I am very satisfied with my purchase, highly recommend.",Positive
The product is functional but lacks some features.,Neutral
The item arrived on time and in perfect condition.,Positive
"Amazing quality, totally worth the price.",Positive
The item arrived on time and in perfect condition.,Positive
The product is functional but lacks some features.,Neutral
The item arrived on time and in perfect condition.,Positive
"Delivery was on time, but packaging could be better.",Neutral
The item arrived on time and in perfect condition.,Positive
"The product is okay, nothing special.",Neutral
Customer service was unhelpful and rude.,Negative
"It works as described, no major issues.",Neutral
"I am disappointed, it did not meet my expectations.",Negative
Customer service was unhelpful and rude.,Negative
"The product is okay, nothing special.",Neutral
"The experience was average, not bad.",Neutral
The item arrived on time and in perfect condition.,Positive
"I am very satisfied with my purchase, highly recommend.",Positive
"The experience was average, not bad.",Neutral
"Very poor quality, not worth the money.",Negative
"Very poor quality, not worth the money.",Negative
The product exceeded my expectations and works flawlessly.,Positive
"The experience was average, not bad.",Neutral
"It works as described, no major issues.",Neutral
The product stopped working after a few days.,Negative
"Amazing quality, totally worth the price.",Positive
Excellent customer service and great product.,Positive
"Amazing quality, totally worth the price.",Positive
"Very poor quality, not worth the money.",Negative
"I am disappointed, it did not meet my expectations.",Negative
The product exceeded my expectations and works flawlessly.,Positive
"I am very satisfied with my purchase, highly recommend.",Positive
"I am disappointed, it did not meet my expectations.",Negative
Excellent customer service and great product.,Positive
The product stopped working after a few days.,Negative
Item arrived late and was damaged.,Negative
"The experience was average, not bad.",Neutral
"I am disappointed, it did not meet my expectations.",Negative
The product stopped working after a few days.,Negative
The product is functional but lacks some features.,Neutral
Customer service was unhelpful and rude.,Negative
"Amazing quality, totally worth the price.",Positive
"Delivery was on time, but packaging could be better.",Neutral
"Delivery was on time, but packaging could be better.",Neutral
"Delivery was on time, but packaging could be better.",Neutral
Item arrived late and was damaged.,Negative
"The product is okay, nothing special.",Neutral
Customer service was unhelpful and rude.,Negative
"It works as described, no major issues.",Neutral
The product is functional but lacks some features.,Neutral
The product is functional but lacks some features.,Neutral
Excellent customer service and great product.,Positive
The product stopped working after a few days.,Negative
"I am very satisfied with my purchase, highly recommend.",Positive
The item arrived on time and in perfect condition.,Positive
"The product is okay, nothing special.",Neutral
"It works as described, no major issues.",Neutral
Item arrived late and was damaged.,Negative
"I am very satisfied with my purchase, highly recommend.",Positive
Excellent customer service and great product.,Positive
"I am very satisfied with my purchase, highly recommend.",Positive
Customer service was unhelpful and rude.,Negative
"I am very satisfied with my purchase, highly recommend.",Positive
Customer service was unhelpful and rude.,Negative
"Amazing quality, totally worth the price.",Positive
"It works as described, no major issues.",Neutral
"I am very satisfied with my purchase, highly recommend.",Positive
Item arrived late and was damaged.,Negative
"It works as described, no major issues.",Neutral
"Amazing quality, totally worth the price.",Positive
The product stopped working after a few days.,Negative
The item arrived on time and in perfect condition.,Positive
Item arrived late and was damaged.,Negative
"I am disappointed, it did not meet my expectations.",Negative
The item arrived on time and in perfect condition.,Positive
"It works as described, no major issues.",Neutral
"I am disappointed, it did not meet my expectations.",Negative
"I am disappointed, it did not meet my expectations.",Negative
"Delivery was on time, but packaging could be better.",Neutral
"The product is okay, nothing special.",Neutral
"Delivery was on time, but packaging could be better.",Neutral
The product is functional but lacks some features.,Neutral
"The product is okay, nothing special.",Neutral
The product is functional but lacks some features.,Neutral
The product exceeded my expectations and works flawlessly.,Positive
Customer service was unhelpful and rude.,Negative
"The experience was average, not bad.",Neutral
"Delivery was on time, but packaging could be better.",Neutral
"The product is okay, nothing special.",Neutral
Excellent customer service and great product.,Positive
Customer service was unhelpful and rude.,Negative
The product is functional but lacks some features.,Neutral
The product stopped working after a few days.,Negative
"It works as described, no major issues.",Neutral
The product exceeded my expectations and works flawlessly.,Positive
"The experience was average, not bad.",Neutral
Customer service was unhelpful and rude.,Negative
"I am disappointed, it did not meet my expectations.",Negative
"The product is okay, nothing special.",Neutral
The item arrived on time and in perfect condition.,Positive
"It works as described, no major issues.",Neutral
The product is functional but lacks some features.,Neutral
"The product is okay, nothing special.",Neutral
The product stopped working after a few days.,Negative
"The experience was average, not bad.",Neutral
The product is functional but lacks some features.,Neutral
"Very poor quality, not worth the money.",Negative
"Amazing quality, totally worth the price.",Positive
"Delivery was on time, but packaging could be better.",Neutral
Excellent customer service and great product.,Positive
Customer service was unhelpful and rude.,Negative
"The experience was average, not bad.",Neutral
The product exceeded my expectations and works flawlessly.,Positive
"I am disappointed, it did not meet my expectations.",Negative
"The product is okay, nothing special.",Neutral
The product stopped working after a few days.,Negative
"I am very satisfied with my purchase, highly recommend.",Positive
"Delivery was on time, but packaging could be better.",Neutral
"Delivery was on time, but packaging could be better.",Neutral
"The product is okay, nothing special.",Neutral
The product exceeded my expectations and works flawlessly.,Positive
"The experience was average, not bad.",Neutral
"Delivery was on time, but packaging could be better.",Neutral
"I am disappointed, it did not meet my expectations.",Negative
"Delivery was on time, but packaging could be better.",Neutral
The item arrived on time and in perfect condition.,Positive
Item arrived late and was damaged.,Negative
"It works as described, no major issues.",Neutral
The product exceeded my expectations and works flawlessly.,Positive
"Amazing quality, totally worth the price.",Positive
"The experience was average, not bad.",Neutral
"Very poor quality, not worth the money.",Negative
"I am disappointed, it did not meet my expectations.",Negative
The product exceeded my expectations and works flawlessly.,Positive
Excellent customer service and great product.,Positive
Item arrived late and was damaged.,Negative
"Very poor quality, not worth the money.",Negative
The product exceeded my expectations and works flawlessly.,Positive
"Amazing quality, totally worth the price.",Positive
"Delivery was on time, but packaging could be better.",Neutral
The product stopped working after a few days.,Negative
Excellent customer service and great product.,Positive
"The product is okay, nothing special.",Neutral
The product stopped working after a few days.,Negative
Customer service was unhelpful and rude.,Negative
"The product is okay, nothing special.",Neutral
The item arrived on time and in perfect condition.,Positive
Customer service was unhelpful and rude.,Negative
"The product is okay, nothing special.",Neutral
"It works as described, no major issues.",Neutral
"It works as described, no major issues.",Neutral
"It works as described, no major issues.",Neutral
Item arrived late and was damaged.,Negative
Customer service was unhelpful and rude.,Negative
"I am very satisfied with my purchase, highly recommend.",Positive
"I am very satisfied with my purchase, highly recommend.",Positive
The product exceeded my expectations and works flawlessly.,Positive
The item arrived on time and in perfect condition.,Positive
The item arrived on time and in perfect condition.,Positive
"Amazing quality, totally worth the price.",Positive
The product is functional but lacks some features.,Neutral
"It works as described, no major issues.",Neutral
The product is functional but lacks some features.,Neutral
The product stopped working after a few days.,Negative
The item arrived on time and in perfect condition.,Positive
"It works as described, no major issues.",Neutral
Customer service was unhelpful and rude.,Negative
"The product is okay, nothing special.",Neutral
Excellent customer service and great product.,Positive
The item arrived on time and in perfect condition.,Positive
"I am disappointed, it did not meet my expectations.",Negative
"I am very satisfied with my purchase, highly recommend.",Positive
"I am very satisfied with my purchase, highly recommend.",Positive
"I am disappointed, it did not meet my expectations.",Negative
"Very poor quality, not worth the money.",Negative
Item arrived late and was damaged.,Negative
"Delivery was on time, but packaging could be better.",Neutral
"Delivery was on time, but packaging could be better.",Neutral
The product exceeded my expectations and works flawlessly.,Positive
Item arrived late and was damaged.,Negative
"I am very satisfied with my purchase, highly recommend.",Positive
"Amazing quality, totally worth the price.",Positive
"It works as described, no major issues.",Neutral
"I am disappointed, it did not meet my expectations.",Negative
The product stopped working after a few days.,Negative
"Very poor quality, not worth the money.",Negative
The product exceeded my expectations and works flawlessly.,Positive
The product is functional but lacks some features.,Neutral
The item arrived on time and in perfect condition.,Positive
"I am disappointed, it did not meet my expectations.",Negative
"Very poor quality, not worth the money.",Negative
"Delivery time was average, nothing to complain.",Neutral
Poor build quality and not worth the money.,Negative
Very comfortable to use and works flawlessly.,Positive
"I absolutely love the camera quality, pictures are crisp and vibrant.",Positive
Customer support did not respond to my queries.,Negative
"Delivery time was average, nothing to complain.",Neutral
"The headphones stopped working after just two days, very disappointed.",Negative
Quality is acceptable for casual use.,Neutral
Its fine for the price but not outstanding.,Neutral
The product did not match the description.,Negative
The material feels cheap and fragile.,Negative
Quality is acceptable for casual use.,Neutral
Software glitches make it frustrating to use.,Negative
"Works as expected, nothing special.",Neutral
The product did not match the description.,Negative
Highly recommended! Value for money.,Positive
"The headphones stopped working after just two days, very disappointed.",Negative
Its fine for the price but not outstanding.,Neutral
"The packaging was decent, but delivery took longer than expected.",Neutral
Battery backup is outstanding for this price range.,Positive
"Average performance, neither bad nor exceptional.",Neutral
"Average performance, neither bad nor exceptional.",Neutral
The product did not match the description.,Negative
Customer support did not respond to my queries.,Negative
The product did not match the description.,Negative
Highly recommended! Value for money.,Positive
Highly recommended! Value for money.,Positive
Great product! Exceeded my expectations in every way.,Positive
The product did not match the description.,Negative
"Delivery time was average, nothing to complain.",Neutral
"Works as expected, nothing special.",Neutral
Highly recommended! Value for money.,Positive
The size fits as described but could be improved.,Neutral
"Delivery time was average, nothing to complain.",Neutral
Its fine for the price but not outstanding.,Neutral
The product did not match the description.,Negative
Packaging was great and delivery was super fast.,Positive
The sound quality is crystal clear and immersive.,Positive
The size fits as described but could be improved.,Neutral
Its fine for the price but not outstanding.,Neutral
The material feels cheap and fragile.,Negative
Its fine for the price but not outstanding.,Neutral
The product did not match the description.,Negative
"Works as expected, nothing special.",Neutral
The sound quality is crystal clear and immersive.,Positive
The size fits as described but could be improved.,Neutral
Easy to install and works perfectly.,Positive
The size was completely wrong despite the chart.,Negative
"The build quality of this phone is excellent, and the battery lasts all day.",Positive
Software glitches make it frustrating to use.,Negative
Its fine for the price but not outstanding.,Neutral
"Works as expected, nothing special.",Neutral
Customer support did not respond to my queries.,Negative
Very comfortable to use and works flawlessly.,Positive
Highly recommended! Value for money.,Positive
The sound quality is crystal clear and immersive.,Positive
Very comfortable to use and works flawlessly.,Positive
"Works as expected, nothing special.",Neutral
"Works as expected, nothing special.",Neutral
Delivery was delayed and item was damaged.,Negative
Highly recommended! Value for money.,Positive
Poor build quality and not worth the money.,Negative
Poor build quality and not worth the money.,Negative
"Average performance, neither bad nor exceptional.",Neutral
Delivery was delayed and item was damaged.,Negative
Colors are slightly different from the images.,Neutral
Quality is acceptable for casual use.,Neutral
Delivery was delayed and item was damaged.,Negative
"I absolutely love the camera quality, pictures are crisp and vibrant.",Positive
Software glitches make it frustrating to use.,Negative
Easy to install and works perfectly.,Positive
Customer service was responsive and helpful.,Positive
"Average performance, neither bad nor exceptional.",Neutral
Highly recommended! Value for money.,Positive
Quality is acceptable for casual use.,Neutral
The product did not match the description.,Negative
Very comfortable to use and works flawlessly.,Positive
The material feels cheap and fragile.,Negative
"The packaging was decent, but delivery took longer than expected.",Neutral
The product did not match the description.,Negative
Great product! Exceeded my expectations in every way.,Positive
"The design is simple, not very stylish but functional.",Neutral
The sound quality is crystal clear and immersive.,Positive
Poor build quality and not worth the money.,Negative
"Works as expected, nothing special.",Neutral
"The packaging was decent, but delivery took longer than expected.",Neutral
Its fine for the price but not outstanding.,Neutral
"Delivery time was average, nothing to complain.",Neutral
"The packaging was decent, but delivery took longer than expected.",Neutral
"The packaging was decent, but delivery took longer than expected.",Neutral
Quality is acceptable for casual use.,Neutral
"The packaging was decent, but delivery took longer than expected.",Neutral
Delivery was delayed and item was damaged.,Negative
"Average performance, neither bad nor exceptional.",Neutral
"Battery drains very quickly, unusable for travel.",Negative
Highly recommended! Value for money.,Positive
Highly recommended! Value for money.,Positive
The material feels cheap and fragile.,Negative
"Delivery time was average, nothing to complain.",Neutral
The material feels cheap and fragile.,Negative
Colors are slightly different from the images.,Neutral
The size fits as described but could be improved.,Neutral
Battery backup is outstanding for this price range.,Positive
"Battery drains very quickly, unusable for travel.",Negative
Its fine for the price but not outstanding.,Neutral
Stopped functioning after a week of use.,Negative
The product did not match the description.,Negative
Colors are slightly different from the images.,Neutral
"The headphones stopped working after just two days, very disappointed.",Negative
"Battery drains very quickly, unusable for travel.",Negative
"The headphones stopped working after just two days, very disappointed.",Negative
Customer service was responsive and helpful.,Positive
The sound quality is crystal clear and immersive.,Positive
The sound quality is crystal clear and immersive.,Positive
"I absolutely love the camera quality, pictures are crisp and vibrant.",Positive
Great product! Exceeded my expectations in every way.,Positive
"The packaging was decent, but delivery took longer than expected.",Neutral
"The build quality of this phone is excellent, and the battery lasts all day.",Positive
The product did not match the description.,Negative
"The build quality of this phone is excellent, and the battery lasts all day.",Positive
"The build quality of this phone is excellent, and the battery lasts all day.",Positive
The sound quality is crystal clear and immersive.,Positive
Stopped functioning after a week of use.,Negative
The product did not match the description.,Negative
Customer support did not respond to my queries.,Negative
The product did not match the description.,Negative
Very comfortable to use and works flawlessly.,Positive
"The build quality of this phone is excellent, and the battery lasts all day.",Positive
"The product is okay, nothing too impressive but it gets the job done.",Neutral
"Battery drains very quickly, unusable for travel.",Negative
Quality is acceptable for casual use.,Neutral
Poor build quality and not worth the money.,Negative
"Works as expected, nothing special.",Neutral
Battery backup is outstanding for this price range.,Positive
Very comfortable to use and works flawlessly.,Positive
"Battery drains very quickly, unusable for travel.",Negative
"The build quality of this phone is excellent, and the battery lasts all day.",Positive
Customer service was responsive and helpful.,Positive
Highly recommended! Value for money.,Positive
"The headphones stopped working after just two days, very disappointed.",Negative
"Delivery time was average, nothing to complain.",Neutral
Very comfortable to use and works flawlessly.,Positive
Great product! Exceeded my expectations in every way.,Positive
The sound quality is crystal clear and immersive.,Positive
Great product! Exceeded my expectations in every way.,Positive
Software glitches make it frustrating to use.,Negative
"Works as expected, nothing special.",Neutral
"Battery drains very quickly, unusable for travel.",Negative
Battery backup is outstanding for this price range.,Positive
"Battery drains very quickly, unusable for travel.",Negative
The sound quality is crystal clear and immersive.,Positive
The product did not match the description.,Negative
The sound quality is crystal clear and immersive.,Positive
Customer support did not respond to my queries.,Negative
Great product! Exceeded my expectations in every way.,Positive
Easy to install and works perfectly.,Positive
The size fits as described but could be improved.,Neutral
The size fits as described but could be improved.,Neutral
Colors are slightly different from the images.,Neutral
"The packaging was decent, but delivery took longer than expected.",Neutral
Stopped functioning after a week of use.,Negative
Quality is acceptable for casual use.,Neutral
"Average performance, neither bad nor exceptional.",Neutral
"Battery drains very quickly, unusable for travel.",Negative
"I absolutely love the camera quality, pictures are crisp and vibrant.",Positive
Poor build quality and not worth the money.,Negative
Its fine for the price but not outstanding.,Neutral
Highly recommended! Value for money.,Positive
Customer service was responsive and helpful.,Positive
"The build quality of this phone is excellent, and the battery lasts all day.",Positive
"The design is simple, not very stylish but functional.",Neutral
Customer support did not respond to my queries.,Negative
"Battery drains very quickly, unusable for travel.",Negative
Stopped functioning after a week of use.,Negative
The material feels cheap and fragile.,Negative
Poor build quality and not worth the money.,Negative
Stopped functioning after a week of use.,Negative
"The product is okay, nothing too impressive but it gets the job done.",Neutral
The product did not match the description.,Negative
"The packaging was decent, but delivery took longer than expected.",Neutral
Great product! Exceeded my expectations in every way.,Positive
Battery backup is outstanding for this price range.,Positive
Customer support did not respond to my queries.,Negative
Quality is acceptable for casual use.,Neutral
The sound quality is crystal clear and immersive.,Positive
The material feels cheap and fragile.,Negative
"The build quality of this phone is excellent, and the battery lasts all day.",Positive
Colors are slightly different from the images.,Neutral
Customer support did not respond to my queries.,Negative
Stopped functioning after a week of use.,Negative
Delivery was delayed and item was damaged.,Negative
Poor build quality and not worth the money.,Negative
Battery backup is outstanding for this price range.,Positive
Great product! Exceeded my expectations in every way.,Positive
Quality is acceptable for casual use.,Neutral
"The build quality of this phone is excellent, and the battery lasts all day.",Positive
"The build quality of this phone is excellent, and the battery lasts all day.",Positive
Packaging was great and delivery was super fast.,Positive
Customer service was responsive and helpful.,Positive
Its fine for the price but not outstanding.,Neutral
The material feels cheap and fragile.,Negative
Very comfortable to use and works flawlessly.,Positive
"I absolutely love the camera quality, pictures are crisp and vibrant.",Positive
The material feels cheap and fragile.,Negative
"The packaging was decent, but delivery took longer than expected.",Neutral
The material feels cheap and fragile.,Negative
Battery backup is outstanding for this price range.,Positive
Highly recommended! Value for money.,Positive
The sound quality is crystal clear and immersive.,Positive
The size was completely wrong despite the chart.,Negative
Software glitches make it frustrating to use.,Negative
Highly recommended! Value for money.,Positive
The size was completely wrong despite the chart.,Negative
"Average performance, neither bad nor exceptional.",Neutral
"Works as expected, nothing special.",Neutral
Highly recommended! Value for money.,Positive
The material feels cheap and fragile.,Negative
Quality is acceptable for casual use.,Neutral
"Average performance, neither bad nor exceptional.",Neutral
Very comfortable to use and works flawlessly.,Positive
The size was completely wrong despite the chart.,Negative
Customer service was responsive and helpful.,Positive
"The product is okay, nothing too impressive but it gets the job done.",Neutral
Customer support did not respond to my queries.,Negative
"The headphones stopped working after just two days, very disappointed.",Negative
"Delivery time was average, nothing to complain.",Neutral
Software glitches make it frustrating to use.,Negative
The product did not match the description.,Negative
"Average performance, neither bad nor exceptional.",Neutral
Poor build quality and not worth the money.,Negative
Packaging was great and delivery was super fast.,Positive
"The build quality of this phone is excellent, and the battery lasts all day.",Positive
Highly recommended! Value for money.,Positive
Customer support did not respond to my queries.,Negative
"I absolutely love the camera quality, pictures are crisp and vibrant.",Positive
"The build quality of this phone is excellent, and the battery lasts all day.",Positive
"I absolutely love the camera quality, pictures are crisp and vibrant.",Positive
The sound quality is crystal clear and immersive.,Positive
Great product! Exceeded my expectations in every way.,Positive
"The packaging was decent, but delivery took longer than expected.",Neutral
Battery backup is outstanding for this price range.,Positive
Great product! Exceeded my expectations in every way.,Positive
"Average performance, neither bad nor exceptional.",Neutral
Highly recommended! Value for money.,Positive
"The build quality of this phone is excellent, and the battery lasts all day.",Positive
"The packaging was decent, but delivery took longer than expected.",Neutral
The sound quality is crystal clear and immersive.,Positive
"The product is okay, nothing too impressive but it gets the job done.",Neutral
"Delivery time was average, nothing to complain.",Neutral
"Delivery time was average, nothing to complain.",Neutral
"The design is simple, not very stylish but functional.",Neutral
"Battery drains very quickly, unusable for travel.",Negative
Colors are slightly different from the images.,Neutral
The size fits as described but could be improved.,Neutral
The sound quality is crystal clear and immersive.,Positive
The sound quality is crystal clear and immersive.,Positive
Its fine for the price but not outstanding.,Neutral
Great product! Exceeded my expectations in every way.,Positive
Battery backup is outstanding for this price range.,Positive
Stopped functioning after a week of use.,Negative
Stopped functioning after a week of use.,Negative
Easy to install and works perfectly.,Positive
Very comfortable to use and works flawlessly.,Positive
"The packaging was decent, but delivery took longer than expected.",Neutral
Delivery was delayed and item was damaged.,Negative
Its fine for the price but not outstanding.,Neutral
Stopped functioning after a week of use.,Negative
"The product is okay, nothing too impressive but it gets the job done.",Neutral
"The product is okay, nothing too impressive but it gets the job done.",Neutral
Poor build quality and not worth the money.,Negative
"The build quality of this phone is excellent, and the battery lasts all day.",Positive
Poor build quality and not worth the money.,Negative
Great product! Exceeded my expectations in every way.,Positive
Software glitches make it frustrating to use.,Negative
Customer service was responsive and helpful.,Positive
Customer service was responsive and helpful.,Positive
Its fine for the price but not outstanding.,Neutral
The sound quality is crystal clear and immersive.,Positive
The size fits as described but could be improved.,Neutral
"Delivery time was average, nothing to complain.",Neutral
"The product is okay, nothing too impressive but it gets the job done.",Neutral
Great product! Exceeded my expectations in every way.,Positive
Highly recommended! Value for money.,Positive
Packaging was great and delivery was super fast.,Positive
"Battery drains very quickly, unusable for travel.",Negative
"The design is simple, not very stylish but functional.",Neutral
Its fine for the price but not outstanding.,Neutral
Packaging was great and delivery was super fast.,Positive
"The headphones stopped working after just two days, very disappointed.",Negative
Its fine for the price but not outstanding.,Neutral
The product did not match the description.,Negative
"The design is simple, not very stylish but functional.",Neutral
Colors are slightly different from the images.,Neutral
"Average performance, neither bad nor exceptional.",Neutral
"Battery drains very quickly, unusable for travel.",Negative
Very comfortable to use and works flawlessly.,Positive
"Delivery time was average, nothing to complain.",Neutral
Packaging was great and delivery was super fast.,Positive
Highly recommended! Value for money.,Positive
Customer support did not respond to my queries.,Negative
The size was completely wrong despite the chart.,Negative
Its fine for the price but not outstanding.,Neutral
"The design is simple, not very stylish but functional.",Neutral
"Battery drains very quickly, unusable for travel.",Negative
Its fine for the price but not outstanding.,Neutral
"The design is simple, not very stylish but functional.",Neutral
Colors are slightly different from the images.,Neutral
The size was completely wrong despite the chart.,Negative
Poor build quality and not worth the money.,Negative
Stopped functioning after a week of use.,Negative
Colors are slightly different from the images.,Neutral
"The product is okay, nothing too impressive but it gets the job done.",Neutral
The material feels cheap and fragile.,Negative
Its fine for the price but not outstanding.,Neutral
"Delivery time was average, nothing to complain.",Neutral
The sound quality is crystal clear and immersive.,Positive
Its fine for the price but not outstanding.,Neutral
"Battery drains very quickly, unusable for travel.",Negative
"I absolutely love the camera quality, pictures are crisp and vibrant.",Positive
"I absolutely love the camera quality, pictures are crisp and vibrant.",Positive
Battery backup is outstanding for this price range.,Positive
Easy to install and works perfectly.,Positive
Colors are slightly different from the images.,Neutral
Software glitches make it frustrating to use.,Negative
The material feels cheap and fragile.,Negative
Delivery was delayed and item was damaged.,Negative
"Works as expected, nothing special.",Neutral
Customer support did not respond to my queries.,Negative
The sound quality is crystal clear and immersive.,Positive
"Works as expected, nothing special.",Neutral
Battery backup is outstanding for this price range.,Positive
"Works as expected, nothing special.",Neutral
Colors are slightly different from the images.,Neutral
Easy to install and works perfectly.,Positive
"The build quality of this phone is excellent, and the battery lasts all day.",Positive
Stopped functioning after a week of use.,Negative
Software glitches make it frustrating to use.,Negative
"Works as expected, nothing special.",Neutral
The size fits as described but could be improved.,Neutral
Its fine for the price but not outstanding.,Neutral
"The product is okay, nothing too impressive but it gets the job done.",Neutral
"The build quality of this phone is excellent, and the battery lasts all day.",Positive
Great product! Exceeded my expectations in every way.,Positive
"Average performance, neither bad nor exceptional.",Neutral
"The headphones stopped working after just two days, very disappointed.",Negative
Stopped functioning after a week of use.,Negative
Highly recommended! Value for money.,Positive
Poor build quality and not worth the money.,Negative
"I absolutely love the camera quality, pictures are crisp and vibrant.",Positive
Battery backup is outstanding for this price range.,Positive
The product did not match the description.,Negative
Customer service was responsive and helpful.,Positive
Battery backup is outstanding for this price range.,Positive
Great product! Exceeded my expectations in every way.,Positive
Battery backup is outstanding for this price range.,Positive
"The design is simple, not very stylish but functional.",Neutral
Easy to install and works perfectly.,Positive
Highly recommended! Value for money.,Positive
The product did not match the description.,Negative
"The product is okay, nothing too impressive but it gets the job done.",Neutral
Battery backup is outstanding for this price range.,Positive
"Average performance, neither bad nor exceptional.",Neutral
Very comfortable to use and works flawlessly.,Positive
Customer service was responsive and helpful.,Positive
Customer support did not respond to my queries.,Negative
"I absolutely love the camera quality, pictures are crisp and vibrant.",Positive
"Battery drains very quickly, unusable for travel.",Negative
Colors are slightly different from the images.,Neutral
Great product! Exceeded my expectations in every way.,Positive
"Works as expected, nothing special.",Neutral
Great product! Exceeded my expectations in every way.,Positive
Battery backup is outstanding for this price range.,Positive
Very comfortable to use and works flawlessly.,Positive
The material feels cheap and fragile.,Negative
"Battery drains very quickly, unusable for travel.",Negative
The sound quality is crystal clear and immersive.,Positive
"Battery drains very quickly, unusable for travel.",Negative
"Works as expected, nothing special.",Neutral
Easy to install and works perfectly.,Positive
Customer service was responsive and helpful.,Positive
Customer support did not respond to my queries.,Negative
Customer service was responsive and helpful.,Positive
Highly recommended! Value for money.,Positive
Quality is acceptable for casual use.,Neutral
Poor build quality and not worth the money.,Negative
Customer service was responsive and helpful.,Positive
"The headphones stopped working after just two days, very disappointed.",Negative
"The product is okay, nothing too impressive but it gets the job done.",Neutral
Battery backup is outstanding for this price range.,Positive
"I absolutely love the camera quality, pictures are crisp and vibrant.",Positive
The product did not match the description.,Negative
Customer service was responsive and helpful.,Positive
Its fine for the price but not outstanding.,Neutral
Easy to install and works perfectly.,Positive
Software glitches make it frustrating to use.,Negative
"The packaging was decent, but delivery took longer than expected.",Neutral
"The design is simple, not very stylish but functional.",Neutral
The size was completely wrong despite the chart.,Negative
Highly recommended! Value for money.,Positive
Software glitches make it frustrating to use.,Negative
Its fine for the price but not outstanding.,Neutral
"The design is simple, not very stylish but functional.",Neutral
"Average performance, neither bad nor exceptional.",Neutral
The size was completely wrong despite the chart.,Negative
Poor build quality and not worth the money.,Negative
Its fine for the price but not outstanding.,Neutral
Very comfortable to use and works flawlessly.,Positive
Its fine for the price but not outstanding.,Neutral
"Delivery time was average, nothing to complain.",Neutral
Customer support did not respond to my queries.,Negative
Its fine for the price but not outstanding.,Neutral
"The build quality of this phone is excellent, and the battery lasts all day.",Positive
Quality is acceptable for casual use.,Neutral
The product did not match the description.,Negative
"The headphones stopped working after just two days, very disappointed.",Negative
Its fine for the price but not outstanding.,Neutral
The size fits as described but could be improved.,Neutral
"Average performance, neither bad nor exceptional.",Neutral
Highly recommended! Value for money.,Positive
"Battery drains very quickly, unusable for travel.",Negative
Its fine for the price but not outstanding.,Neutral
"The product is okay, nothing too impressive but it gets the job done.",Neutral
The size fits as described but could be improved.,Neutral
"Delivery time was average, nothing to complain.",Neutral
Battery backup is outstanding for this price range.,Positive
"I absolutely love the camera quality, pictures are crisp and vibrant.",Positive
"The headphones stopped working after just two days, very disappointed.",Negative
Highly recommended! Value for money.,Positive
Very comfortable to use and works flawlessly.,Positive
Its fine for the price but not outstanding.,Neutral
Its fine for the price but not outstanding.,Neutral
The material feels cheap and fragile.,Negative
Easy to install and works perfectly.,Positive
Customer service was responsive and helpful.,Positive
Customer service was responsive and helpful.,Positive
"Average performance, neither bad nor exceptional.",Neutral
Quality is acceptable for casual use.,Neutral
Stopped functioning after a week of use.,Negative
Battery backup is outstanding for this price range.,Positive
Software glitches make it frustrating to use.,Negative
"The headphones stopped working after just two days, very disappointed.",Negative
"Average performance, neither bad nor exceptional.",Neutral
"The design is simple, not very stylish but functional.",Neutral
"The design is simple, not very stylish but functional.",Neutral
Software glitches make it frustrating to use.,Negative
"I absolutely love the camera quality, pictures are crisp and vibrant.",Positive
Quality is acceptable for casual use.,Neutral
"Average performance, neither bad nor exceptional.",Neutral
Quality is acceptable for casual use.,Neutral
"Delivery time was average, nothing to complain.",Neutral
"The product is okay, nothing too impressive but it gets the job done.",Neutral
"The build quality of this phone is excellent, and the battery lasts all day.",Positive
Battery backup is outstanding for this price range.,Positive
Its fine for the price but not outstanding.,Neutral
"The headphones stopped working after just two days, very disappointed.",Negative
"Battery drains very quickly, unusable for travel.",Negative
"The design is simple, not very stylish but functional.",Neutral
"Works as expected, nothing special.",Neutral
Battery backup is outstanding for this price range.,Positive
Customer service was responsive and helpful.,Positive
"The packaging was decent, but delivery took longer than expected.",Neutral
Colors are slightly different from the images.,Neutral
Colors are slightly different from the images.,Neutral
Easy to install and works perfectly.,Positive
"I absolutely love the camera quality, pictures are crisp and vibrant.",Positive
The size fits as described but could be improved.,Neutral
The size was completely wrong despite the chart.,Negative
"Average performance, neither bad nor exceptional.",Neutral
"The design is simple, not very stylish but functional.",Neutral
Customer service was responsive and helpful.,Positive
The size was completely wrong despite the chart.,Negative
"The build quality of this phone is excellent, and the battery lasts all day.",Positive
"The design is simple, not very stylish but functional.",Neutral
The size was completely wrong despite the chart.,Negative
"Battery drains very quickly, unusable for travel.",Negative
Poor build quality and not worth the money.,Negative
"The design is simple, not very stylish but functional.",Neutral
The size was completely wrong despite the chart.,Negative
The product did not match the description.,Negative
Highly recommended! Value for money.,Positive
Easy to install and works perfectly.,Positive
Colors are slightly different from the images.,Neutral
"Works as expected, nothing special.",Neutral
"I absolutely love the camera quality, pictures are crisp and vibrant.",Positive
Customer service was responsive and helpful.,Positive
Customer service was responsive and helpful.,Positive
"The build quality of this phone is excellent, and the battery lasts all day.",Positive
"The design is simple, not very stylish but functional.",Neutral
The size was completely wrong despite the chart.,Negative
"Average performance, neither bad nor exceptional.",Neutral
The product did not match the description.,Negative
The sound quality is crystal clear and immersive.,Positive
Quality is acceptable for casual use.,Neutral
Very comfortable to use and works flawlessly.,Positive
Quality is acceptable for casual use.,Neutral
The size fits as described but could be improved.,Neutral
Poor build quality and not worth the money.,Negative
The size was completely wrong despite the chart.,Negative
Colors are slightly different from the images.,Neutral
Packaging was great and delivery was super fast.,Positive
"Average performance, neither bad nor exceptional.",Neutral
The size was completely wrong despite the chart.,Negative
Poor build quality and not worth the money.,Negative
The product did not match the description.,Negative
The product did not match the description.,Negative
"Average performance, neither bad nor exceptional.",Neutral
The material feels cheap and fragile.,Negative
The size fits as described but could be improved.,Neutral
"The build quality of this phone is excellent, and the battery lasts all day.",Positive
"The packaging was decent, but delivery took longer than expected.",Neutral
Its fine for the price but not outstanding.,Neutral
"Delivery time was average, nothing to complain.",Neutral
Packaging was great and delivery was super fast.,Positive
Highly recommended! Value for money.,Positive
The size was completely wrong despite the chart.,Negative
"The build quality of this phone is excellent, and the battery lasts all day.",Positive
"I absolutely love the camera quality, pictures are crisp and vibrant.",Positive
Stopped functioning after a week of use.,Negative
Very comfortable to use and works flawlessly.,Positive
"Delivery time was average, nothing to complain.",Neutral
Its fine for the price but not outstanding.,Neutral
The size was completely wrong despite the chart.,Negative
Its fine for the price but not outstanding.,Neutral
"The product is okay, nothing too impressive but it gets the job done.",Neutral
The product did not match the description.,Negative
The product did not match the description.,Negative
The sound quality is crystal clear and immersive.,Positive
"Works as expected, nothing special.",Neutral
Very comfortable to use and works flawlessly.,Positive
Its fine for the price but not outstanding.,Neutral
"I absolutely love the camera quality, pictures are crisp and vibrant.",Positive
Colors are slightly different from the images.,Neutral
Highly recommended! Value for money.,Positive
Poor build quality and not worth the money.,Negative
"Works as expected, nothing special.",Neutral
Great product! Exceeded my expectations in every way.,Positive
Packaging was great and delivery was super fast.,Positive
"The headphones stopped working after just two days, very disappointed.",Negative
Colors are slightly different from the images.,Neutral
Very comfortable to use and works flawlessly.,Positive
Customer service was responsive and helpful.,Positive
Packaging was great and delivery was super fast.,Positive
"Average performance, neither bad nor exceptional.",Neutral
Easy to install and works perfectly.,Positive
"Battery drains very quickly, unusable for travel.",Negative
"The packaging was decent, but delivery took longer than expected.",Neutral
Colors are slightly different from the images.,Neutral
"The product is okay, nothing too impressive but it gets the job done.",Neutral
Customer service was responsive and helpful.,Positive
Very comfortable to use and works flawlessly.,Positive
"The product is okay, nothing too impressive but it gets the job done.",Neutral
Stopped functioning after a week of use.,Negative
Customer service was responsive and helpful.,Positive
"Battery drains very quickly, unusable for travel.",Negative
Customer support did not respond to my queries.,Negative
"Works as expected, nothing special.",Neutral
Very comfortable to use and works flawlessly.,Positive
Easy to install and works perfectly.,Positive
"Average performance, neither bad nor exceptional.",Neutral
"The build quality of this phone is excellent, and the battery lasts all day.",Positive
Customer support did not respond to my queries.,Negative
Software glitches make it frustrating to use.,Negative
The material feels cheap and fragile.,Negative
Highly recommended! Value for money.,Positive
Its fine for the price but not outstanding.,Neutral
Delivery was delayed and item was damaged.,Negative
"I absolutely love the camera quality, pictures are crisp and vibrant.",Positive
The size fits as described but could be improved.,Neutral
"The headphones stopped working after just two days, very disappointed.",Negative
Highly recommended! Value for money.,Positive
Great product! Exceeded my expectations in every way.,Positive
Software glitches make it frustrating to use.,Negative
Easy to install and works perfectly.,Positive
"Average performance, neither bad nor exceptional.",Neutral
"Battery drains very quickly, unusable for travel.",Negative
Battery backup is outstanding for this price range.,Positive
"The design is simple, not very stylish but functional.",Neutral
"Works as expected, nothing special.",Neutral
Stopped functioning after a week of use.,Negative
Great product! Exceeded my expectations in every way.,Positive
Very comfortable to use and works flawlessly.,Positive
The material feels cheap and fragile.,Negative
The size was completely wrong despite the chart.,Negative
"The headphones stopped working after just two days, very disappointed.",Negative
"The product is okay, nothing too impressive but it gets the job done.",Neutral
"Works as expected, nothing special.",Neutral
Delivery was delayed and item was damaged.,Negative
"The build quality of this phone is excellent, and the battery lasts all day.",Positive
"The build quality of this phone is excellent, and the battery lasts all day.",Positive
Customer service was responsive and helpful.,Positive
"Battery drains very quickly, unusable for travel.",Negative
Software glitches make it frustrating to use.,Negative
The product did not match the description.,Negative
Delivery was delayed and item was damaged.,Negative
Easy to install and works perfectly.,Positive
Battery backup is outstanding for this price range.,Positive
"The packaging was decent, but delivery took longer than expected.",Neutral
"The packaging was decent, but delivery took longer than expected.",Neutral
Delivery was delayed and item was damaged.,Negative
Customer service was responsive and helpful.,Positive
Customer service was responsive and helpful.,Positive
Very comfortable to use and works flawlessly.,Positive
Easy to install and works perfectly.,Positive
"Delivery time was average, nothing to complain.",Neutral
"Battery drains very quickly, unusable for travel.",Negative
Battery backup is outstanding for this price range.,Positive
Easy to install and works perfectly.,Positive
The size fits as described but could be improved.,Neutral
Colors are slightly different from the images.,Neutral
Easy to install and works perfectly.,Positive
Easy to install and works perfectly.,Positive
The product did not match the description.,Negative
The size was completely wrong despite the chart.,Negative
The product did not match the description.,Negative
The product did not match the description.,Negative
Its fine for the price but not outstanding.,Neutral
"Delivery time was average, nothing to complain.",Neutral
The size was completely wrong despite the chart.,Negative
Very comfortable to use and works flawlessly.,Positive
"Battery drains very quickly, unusable for travel.",Negative
"I absolutely love the camera quality, pictures are crisp and vibrant.",Positive
Stopped functioning after a week of use.,Negative
"The build quality of this phone is excellent, and the battery lasts all day.",Positive
Easy to install and works perfectly.,Positive
"Works as expected, nothing special.",Neutral
Easy to install and works perfectly.,Positive
Delivery was delayed and item was damaged.,Negative
"The headphones stopped working after just two days, very disappointed.",Negative
"The design is simple, not very stylish but functional.",Neutral
The size was completely wrong despite the chart.,Negative
"Average performance, neither bad nor exceptional.",Neutral
"The build quality of this phone is excellent, and the battery lasts all day.",Positive
Customer support did not respond to my queries.,Negative
"Works as expected, nothing special.",Neutral
The sound quality is crystal clear and immersive.,Positive
Highly recommended! Value for money.,Positive
Delivery was delayed and item was damaged.,Negative
Colors are slightly different from the images.,Neutral
"Battery drains very quickly, unusable for travel.",Negative
The size fits as described but could be improved.,Neutral
Easy to install and works perfectly.,Positive
Easy to install and works perfectly.,Positive
Delivery was delayed and item was damaged.,Negative
The size fits as described but could be improved.,Neutral
"The product is okay, nothing too impressive but it gets the job done.",Neutral
Delivery was delayed and item was damaged.,Negative
"The headphones stopped working after just two days, very disappointed.",Negative
Stopped functioning after a week of use.,Negative
Customer support did not respond to my queries.,Negative
"The build quality of this phone is excellent, and the battery lasts all day.",Positive
"The headphones stopped working after just two days, very disappointed.",Negative
"Battery drains very quickly, unusable for travel.",Negative
"Works as expected, nothing special.",Neutral
The product did not match the description.,Negative
The material feels cheap and fragile.,Negative
"Works as expected, nothing special.",Neutral
The material feels cheap and fragile.,Negative
Battery backup is outstanding for this price range.,Positive
Stopped functioning after a week of use.,Negative
Easy to install and works perfectly.,Positive
Customer support did not respond to my queries.,Negative
The size was completely wrong despite the chart.,Negative
Software glitches make it frustrating to use.,Negative
Battery backup is outstanding for this price range.,Positive
"The build quality of this phone is excellent, and the battery lasts all day.",Positive
Stopped functioning after a week of use.,Negative
The sound quality is crystal clear and immersive.,Positive
"Average performance, neither bad nor exceptional.",Neutral
"Average performance, neither bad nor exceptional.",Neutral
The material feels cheap and fragile.,Negative
"Delivery time was average, nothing to complain.",Neutral
Poor build quality and not worth the money.,Negative
"Battery drains very quickly, unusable for travel.",Negative
Very comfortable to use and works flawlessly.,Positive
"I absolutely love the camera quality, pictures are crisp and vibrant.",Positive
Packaging was great and delivery was super fast.,Positive
"Works as expected, nothing special.",Neutral
The material feels cheap and fragile.,Negative
"I absolutely love the camera quality, pictures are crisp and vibrant.",Positive
"The packaging was decent, but delivery took longer than expected.",Neutral
"The headphones stopped working after just two days, very disappointed.",Negative
The size was completely wrong despite the chart.,Negative
Great product! Exceeded my expectations in every way.,Positive
Stopped functioning after a week of use.,Negative
Very comfortable to use and works flawlessly.,Positive
"Average performance, neither bad nor exceptional.",Neutral
Its fine for the price but not outstanding.,Neutral
Highly recommended! Value for money.,Positive
Highly recommended! Value for money.,Positive
"Battery drains very quickly, unusable for travel.",Negative
"The packaging was decent, but delivery took longer than expected.",Neutral
"Average performance, neither bad nor exceptional.",Neutral
Customer support did not respond to my queries.,Negative
Software glitches make it frustrating to use.,Negative
Great product! Exceeded my expectations in every way.,Positive
The size fits as described but could be improved.,Neutral
Highly recommended! Value for money.,Positive
Colors are slightly different from the images.,Neutral
Battery backup is outstanding for this price range.,Positive
The size was completely wrong despite the chart.,Negative
"The design is simple, not very stylish but functional.",Neutral
The material feels cheap and fragile.,Negative
Its fine for the price but not outstanding.,Neutral
Poor build quality and not worth the money.,Negative
"Average performance, neither bad nor exceptional.",Neutral
Highly recommended! Value for money.,Positive
Easy to install and works perfectly.,Positive
"Battery drains very quickly, unusable for travel.",Negative
The product did not match the description.,Negative
Customer support did not respond to my queries.,Negative
"Delivery time was average, nothing to complain.",Neutral
Its fine for the price but not outstanding.,Neutral
"Works as expected, nothing special.",Neutral
The sound quality is crystal clear and immersive.,Positive
Packaging was great and delivery was super fast.,Positive
Customer service was responsive and helpful.,Positive
Delivery was delayed and item was damaged.,Negative
"Average performance, neither bad nor exceptional.",Neutral
Customer service was responsive and helpful.,Positive
Customer support did not respond to my queries.,Negative
Highly recommended! Value for money.,Positive
"The design is simple, not very stylish but functional.",Neutral
Packaging was great and delivery was super fast.,Positive
Packaging was great and delivery was super fast.,Positive
"Delivery time was average, nothing to complain.",Neutral
The sound quality is crystal clear and immersive.,Positive
Very comfortable to use and works flawlessly.,Positive
Easy to install and works perfectly.,Positive
The size fits as described but could be improved.,Neutral
Great product! Exceeded my expectations in every way.,Positive
Colors are slightly different from the images.,Neutral
Customer support did not respond to my queries.,Negative
The size was completely wrong despite the chart.,Negative
The material feels cheap and fragile.,Negative
The size was completely wrong despite the chart.,Negative
Stopped functioning after a week of use.,Negative
The sound quality is crystal clear and immersive.,Positive
"Average performance, neither bad nor exceptional.",Neutral
"The packaging was decent, but delivery took longer than expected.",Neutral
The material feels cheap and fragile.,Negative
Poor build quality and not worth the money.,Negative
Delivery was delayed and item was damaged.,Negative
The size was completely wrong despite the chart.,Negative
Battery backup is outstanding for this price range.,Positive
Its fine for the price but not outstanding.,Neutral
"The headphones stopped working after just two days, very disappointed.",Negative
Stopped functioning after a week of use.,Negative
The size was completely wrong despite the chart.,Negative
The material feels cheap and fragile.,Negative
"The design is simple, not very stylish but functional.",Neutral
Software glitches make it frustrating to use.,Negative
Stopped functioning after a week of use.,Negative
"Delivery time was average, nothing to complain.",Neutral
Software glitches make it frustrating to use.,Negative
Colors are slightly different from the images.,Neutral
"I absolutely love the camera quality, pictures are crisp and vibrant.",Positive
The material feels cheap and fragile.,Negative
"Average performance, neither bad nor exceptional.",Neutral
"Delivery time was average, nothing to complain.",Neutral
Easy to install and works perfectly.,Positive
Stopped functioning after a week of use.,Negative
Highly recommended! Value for money.,Positive
The product did not match the description.,Negative
"The product is okay, nothing too impressive but it gets the job done.",Neutral
"The headphones stopped working after just two days, very disappointed.",Negative
Quality is acceptable for casual use.,Neutral
Delivery was delayed and item was damaged.,Negative
"Battery drains very quickly, unusable for travel.",Negative
Very comfortable to use and works flawlessly.,Positive
"The headphones stopped working after just two days, very disappointed.",Negative
The size was completely wrong despite the chart.,Negative
"I absolutely love the camera quality, pictures are crisp and vibrant.",Positive
Colors are slightly different from the images.,Neutral
The size fits as described but could be improved.,Neutral
Software glitches make it frustrating to use.,Negative
"Battery drains very quickly, unusable for travel.",Negative
Quality is acceptable for casual use.,Neutral
The sound quality is crystal clear and immersive.,Positive
The material feels cheap and fragile.,Negative
"The packaging was decent, but delivery took longer than expected.",Neutral
"Works as expected, nothing special.",Neutral
Easy to install and works perfectly.,Positive
Colors are slightly different from the images.,Neutral
"Delivery time was average, nothing to complain.",Neutral
Very comfortable to use and works flawlessly.,Positive
Customer support did not respond to my queries.,Negative
The size was completely wrong despite the chart.,Negative
"Delivery time was average, nothing to complain.",Neutral
Its fine for the price but not outstanding.,Neutral
"The product is okay, nothing too impressive but it gets the job done.",Neutral
"Works as expected, nothing special.",Neutral
Customer support did not respond to my queries.,Negative
Software glitches make it frustrating to use.,Negative
The material feels cheap and fragile.,Negative
"Delivery time was average, nothing to complain.",Neutral
Software glitches make it frustrating to use.,Negative
"The headphones stopped working after just two days, very disappointed.",Negative
Quality is acceptable for casual use.,Neutral
Stopped functioning after a week of use.,Negative
Colors are slightly different from the images.,Neutral
Customer support did not respond to my queries.,Negative
"Works as expected, nothing special.",Neutral
Poor build quality and not worth the money.,Negative
Packaging was great and delivery was super fast.,Positive
Great product! Exceeded my expectations in every way.,Positive
The product did not match the description.,Negative
Very comfortable to use and works flawlessly.,Positive
Colors are slightly different from the images.,Neutral
Packaging was great and delivery was super fast.,Positive
"The design is simple, not very stylish but functional.",Neutral
"The build quality of this phone is excellent, and the battery lasts all day.",Positive
"The packaging was decent, but delivery took longer than expected.",Neutral
Poor build quality and not worth the money.,Negative
"Battery drains very quickly, unusable for travel.",Negative
Poor build quality and not worth the money.,Negative
"Battery drains very quickly, unusable for travel.",Negative
The material feels cheap and fragile.,Negative
Highly recommended! Value for money.,Positive
"The packaging was decent, but delivery took longer than expected.",Neutral
Packaging was great and delivery was super fast.,Positive
"The headphones stopped working after just two days, very disappointed.",Negative
Its fine for the price but not outstanding.,Neutral
The material feels cheap and fragile.,Negative
"The packaging was decent, but delivery took longer than expected.",Neutral
Its fine for the price but not outstanding.,Neutral
"Battery drains very quickly, unusable for travel.",Negative
"I absolutely love the camera quality, pictures are crisp and vibrant.",Positive
"Works as expected, nothing special.",Neutral
Customer support did not respond to my queries.,Negative
Its fine for the price but not outstanding.,Neutral
Software glitches make it frustrating to use.,Negative
The material feels cheap and fragile.,Negative
"The build quality of this phone is excellent, and the battery lasts all day.",Positive
Easy to install and works perfectly.,Positive
"Battery drains very quickly, unusable for travel.",Negative
"Works as expected, nothing special.",Neutral
Poor build quality and not worth the money.,Negative
The size fits as described but could be improved.,Neutral
The size was completely wrong despite the chart.,Negative
Its fine for the price but not outstanding.,Neutral
The size was completely wrong despite the chart.,Negative
Customer support did not respond to my queries.,Negative
Highly recommended! Value for money.,Positive
Customer support did not respond to my queries.,Negative
The material feels cheap and fragile.,Negative
Quality is acceptable for casual use.,Neutral
Quality is acceptable for casual use.,Neutral
Colors are slightly different from the images.,Neutral
Highly recommended! Value for money.,Positive
The sound quality is crystal clear and immersive.,Positive
The size was completely wrong despite the chart.,Negative
"The headphones stopped working after just two days, very disappointed.",Negative
Easy to install and works perfectly.,Positive
Packaging was great and delivery was super fast.,Positive
Battery backup is outstanding for this price range.,Positive
Stopped functioning after a week of use.,Negative
Very comfortable to use and works flawlessly.,Positive
Its fine for the price but not outstanding.,Neutral
Delivery was delayed and item was damaged.,Negative
"The packaging was decent, but delivery took longer than expected.",Neutral
Great product! Exceeded my expectations in every way.,Positive
"The design is simple, not very stylish but functional.",Neutral
The size was completely wrong despite the chart.,Negative
Its fine for the price but not outstanding.,Neutral
"Delivery time was average, nothing to complain.",Neutral
Colors are slightly different from the images.,Neutral
Easy to install and works perfectly.,Positive
"I absolutely love the camera quality, pictures are crisp and vibrant.",Positive
"Delivery time was average, nothing to complain.",Neutral
"The product is okay, nothing too impressive but it gets the job done.",Neutral
"I absolutely love the camera quality, pictures are crisp and vibrant.",Positive
"The headphones stopped working after just two days, very disappointed.",Negative
"The product is okay, nothing too impressive but it gets the job done.",Neutral
"The headphones stopped working after just two days, very disappointed.",Negative
Customer support did not respond to my queries.,Negative
Easy to install and works perfectly.,Positive
Software glitches make it frustrating to use.,Negative
Great product! Exceeded my expectations in every way.,Positive
Easy to install and works perfectly.,Positive
Packaging was great and delivery was super fast.,Positive
"The product is okay, nothing too impressive but it gets the job done.",Neutral
"Delivery time was average, nothing to complain.",Neutral
Highly recommended! Value for money.,Positive
Poor build quality and not worth the money.,Negative
Customer service was responsive and helpful.,Positive
The material feels cheap and fragile.,Negative
"I absolutely love the camera quality, pictures are crisp and vibrant.",Positive
"The headphones stopped working after just two days, very disappointed.",Negative
"The packaging was decent, but delivery took longer than expected.",Neutral
Delivery was delayed and item was damaged.,Negative
Software glitches make it frustrating to use.,Negative
"The headphones stopped working after just two days, very disappointed.",Negative
"The build quality of this phone is excellent, and the battery lasts all day.",Positive
Customer support did not respond to my queries.,Negative
Battery backup is outstanding for this price range.,Positive
"Battery drains very quickly, unusable for travel.",Negative
Quality is acceptable for casual use.,Neutral
"Works as expected, nothing special.",Neutral
The size was completely wrong despite the chart.,Negative
Stopped functioning after a week of use.,Negative
The size was completely wrong despite the chart.,Negative
Packaging was great and delivery was super fast.,Positive
Very comfortable to use and works flawlessly.,Positive
Customer service was responsive and helpful.,Positive
"The packaging was decent, but delivery took longer than expected.",Neutral
"Battery drains very quickly, unusable for travel.",Negative
The size fits as described but could be improved.,Neutral
Software glitches make it frustrating to use.,Negative
"Average performance, neither bad nor exceptional.",Neutral
Stopped functioning after a week of use.,Negative
Delivery was delayed and item was damaged.,Negative
"I absolutely love the camera quality, pictures are crisp and vibrant.",Positive
Colors are slightly different from the images.,Neutral
"Delivery time was average, nothing to complain.",Neutral
The sound quality is crystal clear and immersive.,Positive
Software glitches make it frustrating to use.,Negative
Delivery was delayed and item was damaged.,Negative
"The product is okay, nothing too impressive but it gets the job done.",Neutral
Battery backup is outstanding for this price range.,Positive
The sound quality is crystal clear and immersive.,Positive
"I absolutely love the camera quality, pictures are crisp and vibrant.",Positive
Poor build quality and not worth the money.,Negative
"Average performance, neither bad nor exceptional.",Neutral
"The design is simple, not very stylish but functional.",Neutral
"The packaging was decent, but delivery took longer than expected.",Neutral
"The product is okay, nothing too impressive but it gets the job done.",Neutral
Very comfortable to use and works flawlessly.,Positive
"The packaging was decent, but delivery took longer than expected.",Neutral
The product did not match the description.,Negative
"Average performance, neither bad nor exceptional.",Neutral
"The product is okay, nothing too impressive but it gets the job done.",Neutral
The product did not match the description.,Negative
Battery backup is outstanding for this price range.,Positive
Packaging was great and delivery was super fast.,Positive
Easy to install and works perfectly.,Positive
"Delivery time was average, nothing to complain.",Neutral
Colors are slightly different from the images.,Neutral
Battery backup is outstanding for this price range.,Positive
Great product! Exceeded my expectations in every way.,Positive
Software glitches make it frustrating to use.,Negative
The material feels cheap and fragile.,Negative
The size fits as described but could be improved.,Neutral
Delivery was delayed and item was damaged.,Negative
The size fits as described but could be improved.,Neutral
Poor build quality and not worth the money.,Negative
The size fits as described but could be improved.,Neutral
The material feels cheap and fragile.,Negative
Very comfortable to use and works flawlessly.,Positive
"The packaging was decent, but delivery took longer than expected.",Neutral
Software glitches make it frustrating to use.,Negative
"The packaging was decent, but delivery took longer than expected.",Neutral
The material feels cheap and fragile.,Negative
Battery backup is outstanding for this price range.,Positive
Software glitches make it frustrating to use.,Negative
Customer support did not respond to my queries.,Negative
The size fits as described but could be improved.,Neutral
Customer support did not respond to my queries.,Negative
"Average performance, neither bad nor exceptional.",Neutral
Great product! Exceeded my expectations in every way.,Positive
"The product is okay, nothing too impressive but it gets the job done.",Neutral
"The product is okay, nothing too impressive but it gets the job done.",Neutral
"Battery drains very quickly, unusable for travel.",Negative
The size was completely wrong despite the chart.,Negative
Battery backup is outstanding for this price range.,Positive
"I absolutely love the camera quality, pictures are crisp and vibrant.",Positive
Packaging was great and delivery was super fast.,Positive
"Works as expected, nothing special.",Neutral
Very comfortable to use and works flawlessly.,Positive
Packaging was great and delivery was super fast.,Positive
Delivery was delayed and item was damaged.,Negative
Very comfortable to use and works flawlessly.,Positive
Colors are slightly different from the images.,Neutral
Poor build quality and not worth the money.,Negative
Colors are slightly different from the images.,Neutral
"Average performance, neither bad nor exceptional.",Neutral
"Average performance, neither bad nor exceptional.",Neutral
The size was completely wrong despite the chart.,Negative
Packaging was great and delivery was super fast.,Positive
The size fits as described but could be improved.,Neutral
"I absolutely love the camera quality, pictures are crisp and vibrant.",Positive
"The packaging was decent, but delivery took longer than expected.",Neutral
Poor build quality and not worth the money.,Negative
Packaging was great and delivery was super fast.,Positive
Quality is acceptable for casual use.,Neutral
Easy to install and works perfectly.,Positive
The size fits as described but could be improved.,Neutral
"The build quality of this phone is excellent, and the battery lasts all day.",Positive
Very comfortable to use and works flawlessly.,Positive
Its fine for the price but not outstanding.,Neutral
Easy to install and works perfectly.,Positive
"The design is simple, not very stylish but functional.",Neutral
"The build quality of this phone is excellent, and the battery lasts all day.",Positive
"Battery drains very quickly, unusable for travel.",Negative
"I absolutely love the camera quality, pictures are crisp and vibrant.",Positive
"The build quality of this phone is excellent, and the battery lasts all day.",Positive
Battery backup is outstanding for this price range.,Positive
The size was completely wrong despite the chart.,Negative
Its fine for the price but not outstanding.,Neutral
"I absolutely love the camera quality, pictures are crisp and vibrant.",Positive
"Very disappointing purchase, not worth the price.",Negative
It meets my expectations but didn't exceed them.,Neutral
The smartwatch is stylish and very accurate with fitness tracking.,Positive
Excellent quality headphones with crystal clear sound.,Positive
The phone heats up quickly even during normal use.,Negative
"The shoes fit well, but the delivery took longer than expected.",Neutral
"The packaging was fine, but the product doesn't feel as premium as advertised.",Neutral
"Average quality, neither too good nor too bad.",Neutral
"Very disappointing purchase, not worth the price.",Negative
"The blender is powerful, easy to clean, and worth every penny.",Positive
It meets my expectations but didn't exceed them.,Neutral
The smartwatch is stylish and very accurate with fitness tracking.,Positive
"The packaging was fine, but the product doesn't feel as premium as advertised.",Neutral
The sound quality is bad and the battery drains fast.,Negative
The laptop crashed multiple times within the first week of use.,Negative
The smartwatch is stylish and very accurate with fitness tracking.,Positive
"The shoes fit well, but the delivery took longer than expected.",Neutral
Great build quality and fast delivery.,Positive
"The packaging was fine, but the product doesn't feel as premium as advertised.",Neutral
The smartwatch is stylish and very accurate with fitness tracking.,Positive
"Average quality, neither too good nor too bad.",Neutral
It meets my expectations but didn't exceed them.,Neutral
The sound quality is bad and the battery drains fast.,Negative
The sound quality is bad and the battery drains fast.,Negative
This phone's battery lasts all day and the camera quality is amazing.,Positive
"Very disappointing purchase, not worth the price.",Negative
"Average quality, neither too good nor too bad.",Neutral
"Product is okay, works as described but nothing exceptional.",Neutral
"Product is okay, works as described but nothing exceptional.",Neutral
Excellent quality headphones with crystal clear sound.,Positive
The smartwatch is stylish and very accurate with fitness tracking.,Positive
"Product is okay, works as described but nothing exceptional.",Neutral
It meets my expectations but didn't exceed them.,Neutral
The smartwatch is stylish and very accurate with fitness tracking.,Positive
"Very disappointing purchase, not worth the price.",Negative
"The blender is powerful, easy to clean, and worth every penny.",Positive
Great build quality and fast delivery.,Positive
Excellent quality headphones with crystal clear sound.,Positive
"Poor quality fabric, started tearing after one wash.",Negative
"Average quality, neither too good nor too bad.",Neutral
"Very disappointing purchase, not worth the price.",Negative
"The shoes fit well, but the delivery took longer than expected.",Neutral
"Average quality, neither too good nor too bad.",Neutral
"Poor quality fabric, started tearing after one wash.",Negative
"Average quality, neither too good nor too bad.",Neutral
Great build quality and fast delivery.,Positive
"Product is okay, works as described but nothing exceptional.",Neutral
The phone heats up quickly even during normal use.,Negative
Great build quality and fast delivery.,Positive
The phone heats up quickly even during normal use.,Negative
Great build quality and fast delivery.,Positive
It meets my expectations but didn't exceed them.,Neutral
The smartwatch is stylish and very accurate with fitness tracking.,Positive
"The packaging was fine, but the product doesn't feel as premium as advertised.",Neutral
This phone's battery lasts all day and the camera quality is amazing.,Positive
"Product is okay, works as described but nothing exceptional.",Neutral
"Average quality, neither too good nor too bad.",Neutral
"Product is okay, works as described but nothing exceptional.",Neutral
"The blender is powerful, easy to clean, and worth every penny.",Positive
Excellent quality headphones with crystal clear sound.,Positive
"Product is okay, works as described but nothing exceptional.",Neutral
"The shoes fit well, but the delivery took longer than expected.",Neutral
The phone heats up quickly even during normal use.,Negative
"Poor quality fabric, started tearing after one wash.",Negative
Excellent quality headphones with crystal clear sound.,Positive
"The packaging was fine, but the product doesn't feel as premium as advertised.",Neutral
"The blender is powerful, easy to clean, and worth every penny.",Positive
"The packaging was fine, but the product doesn't feel as premium as advertised.",Neutral
The smartwatch is stylish and very accurate with fitness tracking.,Positive
Great build quality and fast delivery.,Positive
The sound quality is bad and the battery drains fast.,Negative
This phone's battery lasts all day and the camera quality is amazing.,Positive
The smartwatch is stylish and very accurate with fitness tracking.,Positive
This phone's battery lasts all day and the camera quality is amazing.,Positive
"The packaging was fine, but the product doesn't feel as premium as advertised.",Neutral
"Average quality, neither too good nor too bad.",Neutral
This phone's battery lasts all day and the camera quality is amazing.,Positive
"The shoes fit well, but the delivery took longer than expected.",Neutral
"Very disappointing purchase, not worth the price.",Negative
"Product is okay, works as described but nothing exceptional.",Neutral
"Poor quality fabric, started tearing after one wash.",Negative
The phone heats up quickly even during normal use.,Negative
Great build quality and fast delivery.,Positive
The laptop crashed multiple times within the first week of use.,Negative
"The blender is powerful, easy to clean, and worth every penny.",Positive
Excellent quality headphones with crystal clear sound.,Positive
"Poor quality fabric, started tearing after one wash.",Negative
Great build quality and fast delivery.,Positive
"Poor quality fabric, started tearing after one wash.",Negative
"Average quality, neither too good nor too bad.",Neutral
Great build quality and fast delivery.,Positive
"Very disappointing purchase, not worth the price.",Negative
"Very disappointing purchase, not worth the price.",Negative
"The packaging was fine, but the product doesn't feel as premium as advertised.",Neutral
It meets my expectations but didn't exceed them.,Neutral
Excellent quality headphones with crystal clear sound.,Positive
The phone heats up quickly even during normal use.,Negative
"The packaging was fine, but the product doesn't feel as premium as advertised.",Neutral
This phone's battery lasts all day and the camera quality is amazing.,Positive
The laptop crashed multiple times within the first week of use.,Negative
It meets my expectations but didn't exceed them.,Neutral
"The blender is powerful, easy to clean, and worth every penny.",Positive
"Product is okay, works as described but nothing exceptional.",Neutral
The phone heats up quickly even during normal use.,Negative
Great build quality and fast delivery.,Positive
"The packaging was fine, but the product doesn't feel as premium as advertised.",Neutral
Great build quality and fast delivery.,Positive
This phone's battery lasts all day and the camera quality is amazing.,Positive
Excellent quality headphones with crystal clear sound.,Positive
"Very disappointing purchase, not worth the price.",Negative
"The blender is powerful, easy to clean, and worth every penny.",Positive
The sound quality is bad and the battery drains fast.,Negative
"Product is okay, works as described but nothing exceptional.",Neutral
"Very disappointing purchase, not worth the price.",Negative
It meets my expectations but didn't exceed them.,Neutral
The phone heats up quickly even during normal use.,Negative
Great build quality and fast delivery.,Positive
"Product is okay, works as described but nothing exceptional.",Neutral
The phone heats up quickly even during normal use.,Negative
"The packaging was fine, but the product doesn't feel as premium as advertised.",Neutral
This phone's battery lasts all day and the camera quality is amazing.,Positive
Great build quality and fast delivery.,Positive
"The blender is powerful, easy to clean, and worth every penny.",Positive
"The shoes fit well, but the delivery took longer than expected.",Neutral
Excellent quality headphones with crystal clear sound.,Positive
Great build quality and fast delivery.,Positive
The laptop crashed multiple times within the first week of use.,Negative
"The packaging was fine, but the product doesn't feel as premium as advertised.",Neutral
"Poor quality fabric, started tearing after one wash.",Negative
The phone heats up quickly even during normal use.,Negative
"Product is okay, works as described but nothing exceptional.",Neutral
"The packaging was fine, but the product doesn't feel as premium as advertised.",Neutral
"Very disappointing purchase, not worth the price.",Negative
"The packaging was fine, but the product doesn't feel as premium as advertised.",Neutral
"The packaging was fine, but the product doesn't feel as premium as advertised.",Neutral
"Product is okay, works as described but nothing exceptional.",Neutral
"The shoes fit well, but the delivery took longer than expected.",Neutral
"Very disappointing purchase, not worth the price.",Negative
"Very disappointing purchase, not worth the price.",Negative
"The shoes fit well, but the delivery took longer than expected.",Neutral
"Very disappointing purchase, not worth the price.",Negative
The sound quality is bad and the battery drains fast.,Negative
The laptop crashed multiple times within the first week of use.,Negative
The smartwatch is stylish and very accurate with fitness tracking.,Positive
"The blender is powerful, easy to clean, and worth every penny.",Positive
"The packaging was fine, but the product doesn't feel as premium as advertised.",Neutral
"Product is okay, works as described but nothing exceptional.",Neutral
The smartwatch is stylish and very accurate with fitness tracking.,Positive
The sound quality is bad and the battery drains fast.,Negative
The smartwatch is stylish and very accurate with fitness tracking.,Positive
"The packaging was fine, but the product doesn't feel as premium as advertised.",Neutral
It meets my expectations but didn't exceed them.,Neutral
"Very disappointing purchase, not worth the price.",Negative
This phone's battery lasts all day and the camera quality is amazing.,Positive
"Poor quality fabric, started tearing after one wash.",Negative
The sound quality is bad and the battery drains fast.,Negative
"The blender is powerful, easy to clean, and worth every penny.",Positive
This phone's battery lasts all day and the camera quality is amazing.,Positive
"Very disappointing purchase, not worth the price.",Negative
Excellent quality headphones with crystal clear sound.,Positive
"The shoes fit well, but the delivery took longer than expected.",Neutral
This phone's battery lasts all day and the camera quality is amazing.,Positive
"Poor quality fabric, started tearing after one wash.",Negative
Excellent quality headphones with crystal clear sound.,Positive
"Average quality, neither too good nor too bad.",Neutral
"The blender is powerful, easy to clean, and worth every penny.",Positive
"Poor quality fabric, started tearing after one wash.",Negative
Excellent quality headphones with crystal clear sound.,Positive
"The blender is powerful, easy to clean, and worth every penny.",Positive
This phone's battery lasts all day and the camera quality is amazing.,Positive
"The packaging was fine, but the product doesn't feel as premium as advertised.",Neutral
The laptop crashed multiple times within the first week of use.,Negative
"The blender is powerful, easy to clean, and worth every penny.",Positive
"Poor quality fabric, started tearing after one wash.",Negative
The laptop crashed multiple times within the first week of use.,Negative
The sound quality is bad and the battery drains fast.,Negative
"Average quality, neither too good nor too bad.",Neutral
Great build quality and fast delivery.,Positive
It meets my expectations but didn't exceed them.,Neutral
"The blender is powerful, easy to clean, and worth every penny.",Positive
This phone's battery lasts all day and the camera quality is amazing.,Positive
"The shoes fit well, but the delivery took longer than expected.",Neutral
"The blender is powerful, easy to clean, and worth every penny.",Positive
Great build quality and fast delivery.,Positive
The phone heats up quickly even during normal use.,Negative
This phone's battery lasts all day and the camera quality is amazing.,Positive
Great build quality and fast delivery.,Positive
Great build quality and fast delivery.,Positive
"The shoes fit well, but the delivery took longer than expected.",Neutral
"The packaging was fine, but the product doesn't feel as premium as advertised.",Neutral
"The packaging was fine, but the product doesn't feel as premium as advertised.",Neutral
"Average quality, neither too good nor too bad.",Neutral
It meets my expectations but didn't exceed them.,Neutral
This phone's battery lasts all day and the camera quality is amazing.,Positive
Great build quality and fast delivery.,Positive
"Product is okay, works as described but nothing exceptional.",Neutral
"Very disappointing purchase, not worth the price.",Negative
"Average quality, neither too good nor too bad.",Neutral
The laptop crashed multiple times within the first week of use.,Negative
The laptop crashed multiple times within the first week of use.,Negative
Excellent quality headphones with crystal clear sound.,Positive
"The packaging was fine, but the product doesn't feel as premium as advertised.",Neutral
This phone's battery lasts all day and the camera quality is amazing.,Positive
"Very disappointing purchase, not worth the price.",Negative
"Average quality, neither too good nor too bad.",Neutral
Great build quality and fast delivery.,Positive
This phone's battery lasts all day and the camera quality is amazing.,Positive
The smartwatch is stylish and very accurate with fitness tracking.,Positive
The laptop crashed multiple times within the first week of use.,Negative
"Product is okay, works as described but nothing exceptional.",Neutral
"The shoes fit well, but the delivery took longer than expected.",Neutral
The sound quality is bad and the battery drains fast.,Negative
"Product is okay, works as described but nothing exceptional.",Neutral
The phone heats up quickly even during normal use.,Negative
The laptop crashed multiple times within the first week of use.,Negative
"The packaging was fine, but the product doesn't feel as premium as advertised.",Neutral
"Average quality, neither too good nor too bad.",Neutral
"The packaging was fine, but the product doesn't feel as premium as advertised.",Neutral
The sound quality is bad and the battery drains fast.,Negative
It meets my expectations but didn't exceed them.,Neutral
This phone's battery lasts all day and the camera quality is amazing.,Positive
"The shoes fit well, but the delivery took longer than expected.",Neutral
"The blender is powerful, easy to clean, and worth every penny.",Positive
This phone's battery lasts all day and the camera quality is amazing.,Positive
"Very disappointing purchase, not worth the price.",Negative
"Very disappointing purchase, not worth the price.",Negative
The smartwatch is stylish and very accurate with fitness tracking.,Positive
It meets my expectations but didn't exceed them.,Neutral
"The shoes fit well, but the delivery took longer than expected.",Neutral
"The packaging was fine, but the product doesn't feel as premium as advertised.",Neutral
It meets my expectations but didn't exceed them.,Neutral
"The shoes fit well, but the delivery took longer than expected.",Neutral
"Average quality, neither too good nor too bad.",Neutral
This phone's battery lasts all day and the camera quality is amazing.,Positive
The laptop crashed multiple times within the first week of use.,Negative
"The blender is powerful, easy to clean, and worth every penny.",Positive
"The shoes fit well, but the delivery took longer than expected.",Neutral
Great build quality and fast delivery.,Positive
Excellent quality headphones with crystal clear sound.,Positive
The sound quality is bad and the battery drains fast.,Negative
"Product is okay, works as described but nothing exceptional.",Neutral
"The blender is powerful, easy to clean, and worth every penny.",Positive
"Average quality, neither too good nor too bad.",Neutral
"Very disappointing purchase, not worth the price.",Negative
The smartwatch is stylish and very accurate with fitness tracking.,Positive
The laptop crashed multiple times within the first week of use.,Negative
Great build quality and fast delivery.,Positive
The phone heats up quickly even during normal use.,Negative
"Poor quality fabric, started tearing after one wash.",Negative
Great build quality and fast delivery.,Positive
It meets my expectations but didn't exceed them.,Neutral
The smartwatch is stylish and very accurate with fitness tracking.,Positive
The phone heats up quickly even during normal use.,Negative
"The packaging was fine, but the product doesn't feel as premium as advertised.",Neutral
"The blender is powerful, easy to clean, and worth every penny.",Positive
"Average quality, neither too good nor too bad.",Neutral
"The packaging was fine, but the product doesn't feel as premium as advertised.",Neutral
"The packaging was fine, but the product doesn't feel as premium as advertised.",Neutral
"Very disappointing purchase, not worth the price.",Negative
It meets my expectations but didn't exceed them.,Neutral
It meets my expectations but didn't exceed them.,Neutral
Excellent quality headphones with crystal clear sound.,Positive
"The shoes fit well, but the delivery took longer than expected.",Neutral
The phone heats up quickly even during normal use.,Negative
It meets my expectations but didn't exceed them.,Neutral
The laptop crashed multiple times within the first week of use.,Negative
"The shoes fit well, but the delivery took longer than expected.",Neutral
"The blender is powerful, easy to clean, and worth every penny.",Positive
"The shoes fit well, but the delivery took longer than expected.",Neutral
The phone heats up quickly even during normal use.,Negative
"Average quality, neither too good nor too bad.",Neutral
The sound quality is bad and the battery drains fast.,Negative
The phone heats up quickly even during normal use.,Negative
Great build quality and fast delivery.,Positive
The smartwatch is stylish and very accurate with fitness tracking.,Positive
"Poor quality fabric, started tearing after one wash.",Negative
"Poor quality fabric, started tearing after one wash.",Negative
"The packaging was fine, but the product doesn't feel as premium as advertised.",Neutral
Great build quality and fast delivery.,Positive
"Average quality, neither too good nor too bad.",Neutral
The sound quality is bad and the battery drains fast.,Negative
It meets my expectations but didn't exceed them.,Neutral
The laptop crashed multiple times within the first week of use.,Negative
"The blender is powerful, easy to clean, and worth every penny.",Positive
"The blender is powerful, easy to clean, and worth every penny.",Positive
"The shoes fit well, but the delivery took longer than expected.",Neutral
"Product is okay, works as described but nothing exceptional.",Neutral
The phone heats up quickly even during normal use.,Negative
Great build quality and fast delivery.,Positive
"The blender is powerful, easy to clean, and worth every penny.",Positive
This phone's battery lasts all day and the camera quality is amazing.,Positive
The laptop crashed multiple times within the first week of use.,Negative
The smartwatch is stylish and very accurate with fitness tracking.,Positive
"Average quality, neither too good nor too bad.",Neutral
"The shoes fit well, but the delivery took longer than expected.",Neutral
"Average quality, neither too good nor too bad.",Neutral
The phone heats up quickly even during normal use.,Negative
"Very disappointing purchase, not worth the price.",Negative
"Average quality, neither too good nor too bad.",Neutral
Great build quality and fast delivery.,Positive
"Poor quality fabric, started tearing after one wash.",Negative
The laptop crashed multiple times within the first week of use.,Negative
"Very disappointing purchase, not worth the price.",Negative
"Average quality, neither too good nor too bad.",Neutral
"The shoes fit well, but the delivery took longer than expected.",Neutral
Excellent quality headphones with crystal clear sound.,Positive
"The shoes fit well, but the delivery took longer than expected.",Neutral
It meets my expectations but didn't exceed them.,Neutral
The phone heats up quickly even during normal use.,Negative
"Very disappointing purchase, not worth the price.",Negative
"Very disappointing purchase, not worth the price.",Negative
The laptop crashed multiple times within the first week of use.,Negative
The phone heats up quickly even during normal use.,Negative
The sound quality is bad and the battery drains fast.,Negative
The phone heats up quickly even during normal use.,Negative
"Poor quality fabric, started tearing after one wash.",Negative
"The shoes fit well, but the delivery took longer than expected.",Neutral
"The packaging was fine, but the product doesn't feel as premium as advertised.",Neutral
"Product is okay, works as described but nothing exceptional.",Neutral
"Very disappointing purchase, not worth the price.",Negative
This phone's battery lasts all day and the camera quality is amazing.,Positive
"The blender is powerful, easy to clean, and worth every penny.",Positive
"Product is okay, works as described but nothing exceptional.",Neutral
"The blender is powerful, easy to clean, and worth every penny.",Positive
Great build quality and fast delivery.,Positive
"The blender is powerful, easy to clean, and worth every penny.",Positive
The smartwatch is stylish and very accurate with fitness tracking.,Positive
"The shoes fit well, but the delivery took longer than expected.",Neutral
Excellent quality headphones with crystal clear sound.,Positive
It meets my expectations but didn't exceed them.,Neutral
Excellent quality headphones with crystal clear sound.,Positive
The smartwatch is stylish and very accurate with fitness tracking.,Positive
The sound quality is bad and the battery drains fast.,Negative
"Product is okay, works as described but nothing exceptional.",Neutral
"Product is okay, works as described but nothing exceptional.",Neutral
Great build quality and fast delivery.,Positive
"The packaging was fine, but the product doesn't feel as premium as advertised.",Neutral
"The blender is powerful, easy to clean, and worth every penny.",Positive
The phone heats up quickly even during normal use.,Negative
The phone heats up quickly even during normal use.,Negative
Excellent quality headphones with crystal clear sound.,Positive
"Poor quality fabric, started tearing after one wash.",Negative
The smartwatch is stylish and very accurate with fitness tracking.,Positive
"Very disappointing purchase, not worth the price.",Negative
It meets my expectations but didn't exceed them.,Neutral
This phone's battery lasts all day and the camera quality is amazing.,Positive
The phone heats up quickly even during normal use.,Negative
This phone's battery lasts all day and the camera quality is amazing.,Positive
"Average quality, neither too good nor too bad.",Neutral
"Average quality, neither too good nor too bad.",Neutral
"Poor quality fabric, started tearing after one wash.",Negative
This phone's battery lasts all day and the camera quality is amazing.,Positive
"Poor quality fabric, started tearing after one wash.",Negative
"Product is okay, works as described but nothing exceptional.",Neutral
The sound quality is bad and the battery drains fast.,Negative
The sound quality is bad and the battery drains fast.,Negative
This phone's battery lasts all day and the camera quality is amazing.,Positive
Excellent quality headphones with crystal clear sound.,Positive
"Average quality, neither too good nor too bad.",Neutral
Excellent quality headphones with crystal clear sound.,Positive
It meets my expectations but didn't exceed them.,Neutral
The sound quality is bad and the battery drains fast.,Negative
Great build quality and fast delivery.,Positive
"Average quality, neither too good nor too bad.",Neutral
"Poor quality fabric, started tearing after one wash.",Negative
"Poor quality fabric, started tearing after one wash.",Negative
The phone heats up quickly even during normal use.,Negative
The phone heats up quickly even during normal use.,Negative
"Average quality, neither too good nor too bad.",Neutral
"The packaging was fine, but the product doesn't feel as premium as advertised.",Neutral
"The packaging was fine, but the product doesn't feel as premium as advertised.",Neutral
"The blender is powerful, easy to clean, and worth every penny.",Positive
The phone heats up quickly even during normal use.,Negative
The smartwatch is stylish and very accurate with fitness tracking.,Positive
The smartwatch is stylish and very accurate with fitness tracking.,Positive
This phone's battery lasts all day and the camera quality is amazing.,Positive
It meets my expectations but didn't exceed them.,Neutral
"The blender is powerful, easy to clean, and worth every penny.",Positive
"Product is okay, works as described but nothing exceptional.",Neutral
"The blender is powerful, easy to clean, and worth every penny.",Positive
Great build quality and fast delivery.,Positive
It meets my expectations but didn't exceed them.,Neutral
"Average quality, neither too good nor too bad.",Neutral
The phone heats up quickly even during normal use.,Negative
The phone heats up quickly even during normal use.,Negative
Excellent quality headphones with crystal clear sound.,Positive
"Average quality, neither too good nor too bad.",Neutral
"Average quality, neither too good nor too bad.",Neutral
This phone's battery lasts all day and the camera quality is amazing.,Positive
Great build quality and fast delivery.,Positive
The phone heats up quickly even during normal use.,Negative
"Average quality, neither too good nor too bad.",Neutral
"Product is okay, works as described but nothing exceptional.",Neutral
"The shoes fit well, but the delivery took longer than expected.",Neutral
Excellent quality headphones with crystal clear sound.,Positive
"Poor quality fabric, started tearing after one wash.",Negative
Great build quality and fast delivery.,Positive
"The shoes fit well, but the delivery took longer than expected.",Neutral
Great build quality and fast delivery.,Positive
Excellent quality headphones with crystal clear sound.,Positive
The laptop crashed multiple times within the first week of use.,Negative
"The blender is powerful, easy to clean, and worth every penny.",Positive
"The blender is powerful, easy to clean, and worth every penny.",Positive
The sound quality is bad and the battery drains fast.,Negative
Great build quality and fast delivery.,Positive
"Product is okay, works as described but nothing exceptional.",Neutral
"The shoes fit well, but the delivery took longer than expected.",Neutral
The smartwatch is stylish and very accurate with fitness tracking.,Positive
"Poor quality fabric, started tearing after one wash.",Negative
"Very disappointing purchase, not worth the price.",Negative
The laptop crashed multiple times within the first week of use.,Negative
This phone's battery lasts all day and the camera quality is amazing.,Positive
The laptop crashed multiple times within the first week of use.,Negative
Great build quality and fast delivery.,Positive
"Average quality, neither too good nor too bad.",Neutral
"Poor quality fabric, started tearing after one wash.",Negative
Excellent quality headphones with crystal clear sound.,Positive
The phone heats up quickly even during normal use.,Negative
The smartwatch is stylish and very accurate with fitness tracking.,Positive
This phone's battery lasts all day and the camera quality is amazing.,Positive
The sound quality is bad and the battery drains fast.,Negative
Great build quality and fast delivery.,Positive
It meets my expectations but didn't exceed them.,Neutral
"The blender is powerful, easy to clean, and worth every penny.",Positive
"The blender is powerful, easy to clean, and worth every penny.",Positive
This phone's battery lasts all day and the camera quality is amazing.,Positive
"Product is okay, works as described but nothing exceptional.",Neutral
"The blender is powerful, easy to clean, and worth every penny.",Positive
It meets my expectations but didn't exceed them.,Neutral
The sound quality is bad and the battery drains fast.,Negative
"Average quality, neither too good nor too bad.",Neutral
The sound quality is bad and the battery drains fast.,Negative
The smartwatch is stylish and very accurate with fitness tracking.,Positive
"Very disappointing purchase, not worth the price.",Negative
The laptop crashed multiple times within the first week of use.,Negative
The phone heats up quickly even during normal use.,Negative
Great build quality and fast delivery.,Positive
The laptop crashed multiple times within the first week of use.,Negative
Great build quality and fast delivery.,Positive
The sound quality is bad and the battery drains fast.,Negative
"The packaging was fine, but the product doesn't feel as premium as advertised.",Neutral
The sound quality is bad and the battery drains fast.,Negative
It meets my expectations but didn't exceed them.,Neutral
The smartwatch is stylish and very accurate with fitness tracking.,Positive
It meets my expectations but didn't exceed them.,Neutral
"The packaging was fine, but the product doesn't feel as premium as advertised.",Neutral
"The blender is powerful, easy to clean, and worth every penny.",Positive
"Poor quality fabric, started tearing after one wash.",Negative
"Poor quality fabric, started tearing after one wash.",Negative
"Poor quality fabric, started tearing after one wash.",Negative
"Very disappointing purchase, not worth the price.",Negative
The smartwatch is stylish and very accurate with fitness tracking.,Positive
"Average quality, neither too good nor too bad.",Neutral
It meets my expectations but didn't exceed them.,Neutral
"Product is okay, works as described but nothing exceptional.",Neutral
"The shoes fit well, but the delivery took longer than expected.",Neutral
The smartwatch is stylish and very accurate with fitness tracking.,Positive
The smartwatch is stylish and very accurate with fitness tracking.,Positive
The phone heats up quickly even during normal use.,Negative
It meets my expectations but didn't exceed them.,Neutral
"Very disappointing purchase, not worth the price.",Negative
Excellent quality headphones with crystal clear sound.,Positive
"Average quality, neither too good nor too bad.",Neutral
"Product is okay, works as described but nothing exceptional.",Neutral
Excellent quality headphones with crystal clear sound.,Positive
Great build quality and fast delivery.,Positive
This phone's battery lasts all day and the camera quality is amazing.,Positive
"Very disappointing purchase, not worth the price.",Negative
"Very disappointing purchase, not worth the price.",Negative
"Product is okay, works as described but nothing exceptional.",Neutral
It meets my expectations but didn't exceed them.,Neutral
The phone heats up quickly even during normal use.,Negative
Excellent quality headphones with crystal clear sound.,Positive
"Average quality, neither too good nor too bad.",Neutral
"The packaging was fine, but the product doesn't feel as premium as advertised.",Neutral
"The shoes fit well, but the delivery took longer than expected.",Neutral
"The blender is powerful, easy to clean, and worth every penny.",Positive
The smartwatch is stylish and very accurate with fitness tracking.,Positive
The laptop crashed multiple times within the first week of use.,Negative
"The blender is powerful, easy to clean, and worth every penny.",Positive
"Average quality, neither too good nor too bad.",Neutral
"The packaging was fine, but the product doesn't feel as premium as advertised.",Neutral
"Product is okay, works as described but nothing exceptional.",Neutral
This phone's battery lasts all day and the camera quality is amazing.,Positive
"Product is okay, works as described but nothing exceptional.",Neutral
"Very disappointing purchase, not worth the price.",Negative
The smartwatch is stylish and very accurate with fitness tracking.,Positive
"The packaging was fine, but the product doesn't feel as premium as advertised.",Neutral
Great build quality and fast delivery.,Positive
The laptop crashed multiple times within the first week of use.,Negative
"The blender is powerful, easy to clean, and worth every penny.",Positive
This phone's battery lasts all day and the camera quality is amazing.,Positive
"The blender is powerful, easy to clean, and worth every penny.",Positive
Excellent quality headphones with crystal clear sound.,Positive
Excellent quality headphones with crystal clear sound.,Positive
It meets my expectations but didn't exceed them.,Neutral
The sound quality is bad and the battery drains fast.,Negative
The phone heats up quickly even during normal use.,Negative
This phone's battery lasts all day and the camera quality is amazing.,Positive
"Poor quality fabric, started tearing after one wash.",Negative
The sound quality is bad and the battery drains fast.,Negative
"The blender is powerful, easy to clean, and worth every penny.",Positive
The phone heats up quickly even during normal use.,Negative
"Product is okay, works as described but nothing exceptional.",Neutral
"Very disappointing purchase, not worth the price.",Negative
"Poor quality fabric, started tearing after one wash.",Negative
"Poor quality fabric, started tearing after one wash.",Negative
"Average quality, neither too good nor too bad.",Neutral
It meets my expectations but didn't exceed them.,Neutral
The smartwatch is stylish and very accurate with fitness tracking.,Positive
"Product is okay, works as described but nothing exceptional.",Neutral
"Average quality, neither too good nor too bad.",Neutral
"The packaging was fine, but the product doesn't feel as premium as advertised.",Neutral
"Product is okay, works as described but nothing exceptional.",Neutral
"The blender is powerful, easy to clean, and worth every penny.",Positive
It meets my expectations but didn't exceed them.,Neutral
The phone heats up quickly even during normal use.,Negative
"Average quality, neither too good nor too bad.",Neutral
It meets my expectations but didn't exceed them.,Neutral
This phone's battery lasts all day and the camera quality is amazing.,Positive
"The blender is powerful, easy to clean, and worth every penny.",Positive
"The shoes fit well, but the delivery took longer than expected.",Neutral
"The shoes fit well, but the delivery took longer than expected.",Neutral
"The blender is powerful, easy to clean, and worth every penny.",Positive
Excellent quality headphones with crystal clear sound.,Positive
"Poor quality fabric, started tearing after one wash.",Negative
The phone heats up quickly even during normal use.,Negative
Excellent quality headphones with crystal clear sound.,Positive
"The packaging was fine, but the product doesn't feel as premium as advertised.",Neutral
"The shoes fit well, but the delivery took longer than expected.",Neutral
The laptop crashed multiple times within the first week of use.,Negative
"The packaging was fine, but the product doesn't feel as premium as advertised.",Neutral
The smartwatch is stylish and very accurate with fitness tracking.,Positive
Excellent quality headphones with crystal clear sound.,Positive
The smartwatch is stylish and very accurate with fitness tracking.,Positive
"Poor quality fabric, started tearing after one wash.",Negative
This phone's battery lasts all day and the camera quality is amazing.,Positive
"Poor quality fabric, started tearing after one wash.",Negative
The laptop crashed multiple times within the first week of use.,Negative
This phone's battery lasts all day and the camera quality is amazing.,Positive
The smartwatch is stylish and very accurate with fitness tracking.,Positive
It meets my expectations but didn't exceed them.,Neutral
The laptop crashed multiple times within the first week of use.,Negative
This phone's battery lasts all day and the camera quality is amazing.,Positive
"The shoes fit well, but the delivery took longer than expected.",Neutral
The smartwatch is stylish and very accurate with fitness tracking.,Positive
"The packaging was fine, but the product doesn't feel as premium as advertised.",Neutral
This phone's battery lasts all day and the camera quality is amazing.,Positive
The sound quality is bad and the battery drains fast.,Negative
The laptop crashed multiple times within the first week of use.,Negative
The smartwatch is stylish and very accurate with fitness tracking.,Positive
The laptop crashed multiple times within the first week of use.,Negative
The smartwatch is stylish and very accurate with fitness tracking.,Positive
This phone's battery lasts all day and the camera quality is amazing.,Positive
The phone heats up quickly even during normal use.,Negative
This phone's battery lasts all day and the camera quality is amazing.,Positive
"The packaging was fine, but the product doesn't feel as premium as advertised.",Neutral
This phone's battery lasts all day and the camera quality is amazing.,Positive
"The shoes fit well, but the delivery took longer than expected.",Neutral
This phone's battery lasts all day and the camera quality is amazing.,Positive
Excellent quality headphones with crystal clear sound.,Positive
"The packaging was fine, but the product doesn't feel as premium as advertised.",Neutral
The phone heats up quickly even during normal use.,Negative
The phone heats up quickly even during normal use.,Negative
It meets my expectations but didn't exceed them.,Neutral
"The shoes fit well, but the delivery took longer than expected.",Neutral
The phone heats up quickly even during normal use.,Negative
The laptop crashed multiple times within the first week of use.,Negative
The smartwatch is stylish and very accurate with fitness tracking.,Positive
The sound quality is bad and the battery drains fast.,Negative
"Poor quality fabric, started tearing after one wash.",Negative
Great build quality and fast delivery.,Positive
"Average quality, neither too good nor too bad.",Neutral
The sound quality is bad and the battery drains fast.,Negative
The smartwatch is stylish and very accurate with fitness tracking.,Positive
Excellent quality headphones with crystal clear sound.,Positive
The laptop crashed multiple times within the first week of use.,Negative
"Average quality, neither too good nor too bad.",Neutral
Excellent quality headphones with crystal clear sound.,Positive
The smartwatch is stylish and very accurate with fitness tracking.,Positive
The sound quality is bad and the battery drains fast.,Negative
"The packaging was fine, but the product doesn't feel as premium as advertised.",Neutral
This phone's battery lasts all day and the camera quality is amazing.,Positive
Excellent quality headphones with crystal clear sound.,Positive
The smartwatch is stylish and very accurate with fitness tracking.,Positive
"Poor quality fabric, started tearing after one wash.",Negative
"The blender is powerful, easy to clean, and worth every penny.",Positive
"Very disappointing purchase, not worth the price.",Negative
"Poor quality fabric, started tearing after one wash.",Negative
The laptop crashed multiple times within the first week of use.,Negative
This phone's battery lasts all day and the camera quality is amazing.,Positive
The laptop crashed multiple times within the first week of use.,Negative
The sound quality is bad and the battery drains fast.,Negative
It meets my expectations but didn't exceed them.,Neutral
Great build quality and fast delivery.,Positive
"The shoes fit well, but the delivery took longer than expected.",Neutral
"Average quality, neither too good nor too bad.",Neutral
"The shoes fit well, but the delivery took longer than expected.",Neutral
"The packaging was fine, but the product doesn't feel as premium as advertised.",Neutral
The sound quality is bad and the battery drains fast.,Negative
This phone's battery lasts all day and the camera quality is amazing.,Positive
"Very disappointing purchase, not worth the price.",Negative
"The shoes fit well, but the delivery took longer than expected.",Neutral
"The packaging was fine, but the product doesn't feel as premium as advertised.",Neutral
Excellent quality headphones with crystal clear sound.,Positive
"The packaging was fine, but the product doesn't feel as premium as advertised.",Neutral
"Very disappointing purchase, not worth the price.",Negative
Excellent quality headphones with crystal clear sound.,Positive
The laptop crashed multiple times within the first week of use.,Negative
"The blender is powerful, easy to clean, and worth every penny.",Positive
This phone's battery lasts all day and the camera quality is amazing.,Positive
"Product is okay, works as described but nothing exceptional.",Neutral
"The packaging was fine, but the product doesn't feel as premium as advertised.",Neutral
Great build quality and fast delivery.,Positive
The sound quality is bad and the battery drains fast.,Negative
"Product is okay, works as described but nothing exceptional.",Neutral
The smartwatch is stylish and very accurate with fitness tracking.,Positive
"Average quality, neither too good nor too bad.",Neutral
The phone heats up quickly even during normal use.,Negative
The sound quality is bad and the battery drains fast.,Negative
Great build quality and fast delivery.,Positive
It meets my expectations but didn't exceed them.,Neutral
The smartwatch is stylish and very accurate with fitness tracking.,Positive
"The shoes fit well, but the delivery took longer than expected.",Neutral
"Product is okay, works as described but nothing exceptional.",Neutral
"Average quality, neither too good nor too bad.",Neutral
The smartwatch is stylish and very accurate with fitness tracking.,Positive
Great build quality and fast delivery.,Positive
"Poor quality fabric, started tearing after one wash.",Negative
Great build quality and fast delivery.,Positive
"Average quality, neither too good nor too bad.",Neutral
"The blender is powerful, easy to clean, and worth every penny.",Positive
The sound quality is bad and the battery drains fast.,Negative
"The shoes fit well, but the delivery took longer than expected.",Neutral
The laptop crashed multiple times within the first week of use.,Negative
This phone's battery lasts all day and the camera quality is amazing.,Positive
"Average quality, neither too good nor too bad.",Neutral
The phone heats up quickly even during normal use.,Negative
"The packaging was fine, but the product doesn't feel as premium as advertised.",Neutral
"Poor quality fabric, started tearing after one wash.",Negative
"The blender is powerful, easy to clean, and worth every penny.",Positive
It meets my expectations but didn't exceed them.,Neutral
"The packaging was fine, but the product doesn't feel as premium as advertised.",Neutral
"The blender is powerful, easy to clean, and worth every penny.",Positive
The smartwatch is stylish and very accurate with fitness tracking.,Positive
"The shoes fit well, but the delivery took longer than expected.",Neutral
"Poor quality fabric, started tearing after one wash.",Negative
The smartwatch is stylish and very accurate with fitness tracking.,Positive
"Average quality, neither too good nor too bad.",Neutral
"Product is okay, works as described but nothing exceptional.",Neutral
Excellent quality headphones with crystal clear sound.,Positive
The phone heats up quickly even during normal use.,Negative
Excellent quality headphones with crystal clear sound.,Positive
"The blender is powerful, easy to clean, and worth every penny.",Positive
"The blender is powerful, easy to clean, and worth every penny.",Positive
It meets my expectations but didn't exceed them.,Neutral
"Average quality, neither too good nor too bad.",Neutral
The laptop crashed multiple times within the first week of use.,Negative
"The blender is powerful, easy to clean, and worth every penny.",Positive
"The shoes fit well, but the delivery took longer than expected.",Neutral
The sound quality is bad and the battery drains fast.,Negative
The sound quality is bad and the battery drains fast.,Negative
The laptop crashed multiple times within the first week of use.,Negative
"The blender is powerful, easy to clean, and worth every penny.",Positive
This phone's battery lasts all day and the camera quality is amazing.,Positive
"Poor quality fabric, started tearing after one wash.",Negative
This phone's battery lasts all day and the camera quality is amazing.,Positive
"The packaging was fine, but the product doesn't feel as premium as advertised.",Neutral
"Product is okay, works as described but nothing exceptional.",Neutral
The phone heats up quickly even during normal use.,Negative
The smartwatch is stylish and very accurate with fitness tracking.,Positive
The sound quality is bad and the battery drains fast.,Negative
"Poor quality fabric, started tearing after one wash.",Negative
"Product is okay, works as described but nothing exceptional.",Neutral
"The shoes fit well, but the delivery took longer than expected.",Neutral
The sound quality is bad and the battery drains fast.,Negative
"The packaging was fine, but the product doesn't feel as premium as advertised.",Neutral
"The packaging was fine, but the product doesn't feel as premium as advertised.",Neutral
The sound quality is bad and the battery drains fast.,Negative
It meets my expectations but didn't exceed them.,Neutral
This phone's battery lasts all day and the camera quality is amazing.,Positive
The phone heats up quickly even during normal use.,Negative
The laptop crashed multiple times within the first week of use.,Negative
The laptop crashed multiple times within the first week of use.,Negative
Great build quality and fast delivery.,Positive
The laptop crashed multiple times within the first week of use.,Negative
It meets my expectations but didn't exceed them.,Neutral
The laptop crashed multiple times within the first week of use.,Negative
"The packaging was fine, but the product doesn't feel as premium as advertised.",Neutral
"Very disappointing purchase, not worth the price.",Negative
"The blender is powerful, easy to clean, and worth every penny.",Positive
The smartwatch is stylish and very accurate with fitness tracking.,Positive
Excellent quality headphones with crystal clear sound.,Positive
"Product is okay, works as described but nothing exceptional.",Neutral
"Product is okay, works as described but nothing exceptional.",Neutral
"Average quality, neither too good nor too bad.",Neutral
"The blender is powerful, easy to clean, and worth every penny.",Positive
This phone's battery lasts all day and the camera quality is amazing.,Positive
"Poor quality fabric, started tearing after one wash.",Negative
Great build quality and fast delivery.,Positive
Great build quality and fast delivery.,Positive
"The packaging was fine, but the product doesn't feel as premium as advertised.",Neutral
The phone heats up quickly even during normal use.,Negative
"The packaging was fine, but the product doesn't feel as premium as advertised.",Neutral
"Poor quality fabric, started tearing after one wash.",Negative
"Poor quality fabric, started tearing after one wash.",Negative
The phone heats up quickly even during normal use.,Negative
The sound quality is bad and the battery drains fast.,Negative
"The blender is powerful, easy to clean, and worth every penny.",Positive
Excellent quality headphones with crystal clear sound.,Positive
"The blender is powerful, easy to clean, and worth every penny.",Positive
"The packaging was fine, but the product doesn't feel as premium as advertised.",Neutral
Great build quality and fast delivery.,Positive
This phone's battery lasts all day and the camera quality is amazing.,Positive
"Very disappointing purchase, not worth the price.",Negative
Great build quality and fast delivery.,Positive
"Very disappointing purchase, not worth the price.",Negative
"Product is okay, works as described but nothing exceptional.",Neutral
"The packaging was fine, but the product doesn't feel as premium as advertised.",Neutral
"The packaging was fine, but the product doesn't feel as premium as advertised.",Neutral
It meets my expectations but didn't exceed them.,Neutral
This phone's battery lasts all day and the camera quality is amazing.,Positive
The sound quality is bad and the battery drains fast.,Negative
"Poor quality fabric, started tearing after one wash.",Negative
This phone's battery lasts all day and the camera quality is amazing.,Positive
"Poor quality fabric, started tearing after one wash.",Negative
"Average quality, neither too good nor too bad.",Neutral
"The packaging was fine, but the product doesn't feel as premium as advertised.",Neutral
Excellent quality headphones with crystal clear sound.,Positive
"Poor quality fabric, started tearing after one wash.",Negative
The phone heats up quickly even during normal use.,Negative
The smartwatch is stylish and very accurate with fitness tracking.,Positive
"The packaging was fine, but the product doesn't feel as premium as advertised.",Neutral
"Very disappointing purchase, not worth the price.",Negative
"The shoes fit well, but the delivery took longer than expected.",Neutral
"Average quality, neither too good nor too bad.",Neutral
"Poor quality fabric, started tearing after one wash.",Negative
"The shoes fit well, but the delivery took longer than expected.",Neutral
Excellent quality headphones with crystal clear sound.,Positive
"Average quality, neither too good nor too bad.",Neutral
"Poor quality fabric, started tearing after one wash.",Negative
This phone's battery lasts all day and the camera quality is amazing.,Positive
The laptop crashed multiple times within the first week of use.,Negative
"Poor quality fabric, started tearing after one wash.",Negative
The sound quality is bad and the battery drains fast.,Negative
Excellent quality headphones with crystal clear sound.,Positive
This phone's battery lasts all day and the camera quality is amazing.,Positive
Excellent quality headphones with crystal clear sound.,Positive
Excellent quality headphones with crystal clear sound.,Positive
"Product is okay, works as described but nothing exceptional.",Neutral
The phone heats up quickly even during normal use.,Negative
This phone's battery lasts all day and the camera quality is amazing.,Positive
"Product is okay, works as described but nothing exceptional.",Neutral
The phone heats up quickly even during normal use.,Negative
The laptop crashed multiple times within the first week of use.,Negative
It meets my expectations but didn't exceed them.,Neutral
It meets my expectations but didn't exceed them.,Neutral
"Very disappointing purchase, not worth the price.",Negative
The phone heats up quickly even during normal use.,Negative
The phone heats up quickly even during normal use.,Negative
"The blender is powerful, easy to clean, and worth every penny.",Positive
"Product is okay, works as described but nothing exceptional.",Neutral
"Very disappointing purchase, not worth the price.",Negative
Excellent quality headphones with crystal clear sound.,Positive
"The blender is powerful, easy to clean, and worth every penny.",Positive
The sound quality is bad and the battery drains fast.,Negative
"Product is okay, works as described but nothing exceptional.",Neutral
"Very disappointing purchase, not worth the price.",Negative
"The shoes fit well, but the delivery took longer than expected.",Neutral
It meets my expectations but didn't exceed them.,Neutral
"Product is okay, works as described but nothing exceptional.",Neutral
"Average quality, neither too good nor too bad.",Neutral
The sound quality is bad and the battery drains fast.,Negative
"Product is okay, works as described but nothing exceptional.",Neutral
The sound quality is bad and the battery drains fast.,Negative
The sound quality is bad and the battery drains fast.,Negative
"Poor quality fabric, started tearing after one wash.",Negative
"Poor quality fabric, started tearing after one wash.",Negative
"Product is okay, works as described but nothing exceptional.",Neutral
"Poor quality fabric, started tearing after one wash.",Negative
"Poor quality fabric, started tearing after one wash.",Negative
"Average quality, neither too good nor too bad.",Neutral
"Product is okay, works as described but nothing exceptional.",Neutral
"The shoes fit well, but the delivery took longer than expected.",Neutral
The laptop crashed multiple times within the first week of use.,Negative
This phone's battery lasts all day and the camera quality is amazing.,Positive
"The blender is powerful, easy to clean, and worth every penny.",Positive
"The blender is powerful, easy to clean, and worth every penny.",Positive
"The packaging was fine, but the product doesn't feel as premium as advertised.",Neutral
"Poor quality fabric, started tearing after one wash.",Negative
The phone heats up quickly even during normal use.,Negative
It meets my expectations but didn't exceed them.,Neutral
The laptop crashed multiple times within the first week of use.,Negative
Great build quality and fast delivery.,Positive
The smartwatch is stylish and very accurate with fitness tracking.,Positive
The laptop crashed multiple times within the first week of use.,Negative
"Average quality, neither too good nor too bad.",Neutral
Excellent quality headphones with crystal clear sound.,Positive
Great build quality and fast delivery.,Positive
The laptop crashed multiple times within the first week of use.,Negative
It meets my expectations but didn't exceed them.,Neutral
"The packaging was fine, but the product doesn't feel as premium as advertised.",Neutral
The laptop crashed multiple times within the first week of use.,Negative
The smartwatch is stylish and very accurate with fitness tracking.,Positive
"Poor quality fabric, started tearing after one wash.",Negative
The laptop crashed multiple times within the first week of use.,Negative
"Average quality, neither too good nor too bad.",Neutral
The smartwatch is stylish and very accurate with fitness tracking.,Positive
It meets my expectations but didn't exceed them.,Neutral
The laptop crashed multiple times within the first week of use.,Negative
"Poor quality fabric, started tearing after one wash.",Negative
"Average quality, neither too good nor too bad.",Neutral
This phone's battery lasts all day and the camera quality is amazing.,Positive
Excellent quality headphones with crystal clear sound.,Positive
Excellent quality headphones with crystal clear sound.,Positive
Great build quality and fast delivery.,Positive
The phone heats up quickly even during normal use.,Negative
The sound quality is bad and the battery drains fast.,Negative
The sound quality is bad and the battery drains fast.,Negative
"Average quality, neither too good nor too bad.",Neutral
"Poor quality fabric, started tearing after one wash.",Negative
The sound quality is bad and the battery drains fast.,Negative
"Average quality, neither too good nor too bad.",Neutral
The phone heats up quickly even during normal use.,Negative
"The packaging was fine, but the product doesn't feel as premium as advertised.",Neutral
"Very disappointing purchase, not worth the price.",Negative
It meets my expectations but didn't exceed them.,Neutral
"The blender is powerful, easy to clean, and worth every penny.",Positive
"Product is okay, works as described but nothing exceptional.",Neutral
The smartwatch is stylish and very accurate with fitness tracking.,Positive
The phone heats up quickly even during normal use.,Negative
"Product is okay, works as described but nothing exceptional.",Neutral
"Average quality, neither too good nor too bad.",Neutral
"Very disappointing purchase, not worth the price.",Negative
"The blender is powerful, easy to clean, and worth every penny.",Positive
"Average quality, neither too good nor too bad.",Neutral
"The shoes fit well, but the delivery took longer than expected.",Neutral
"The blender is powerful, easy to clean, and worth every penny.",Positive
Great build quality and fast delivery.,Positive
"The packaging was fine, but the product doesn't feel as premium as advertised.",Neutral
"The shoes fit well, but the delivery took longer than expected.",Neutral
"Product is okay, works as described but nothing exceptional.",Neutral
Excellent quality headphones with crystal clear sound.,Positive
The phone heats up quickly even during normal use.,Negative
Excellent quality headphones with crystal clear sound.,Positive
This phone's battery lasts all day and the camera quality is amazing.,Positive
The laptop crashed multiple times within the first week of use.,Negative
"The shoes fit well, but the delivery took longer than expected.",Neutral
The smartwatch is stylish and very accurate with fitness tracking.,Positive
"Average quality, neither too good nor too bad.",Neutral
"The shoes fit well, but the delivery took longer than expected.",Neutral
Great build quality and fast delivery.,Positive
The phone heats up quickly even during normal use.,Negative
"The shoes fit well, but the delivery took longer than expected.",Neutral
Great build quality and fast delivery.,Positive
The phone heats up quickly even during normal use.,Negative
This phone's battery lasts all day and the camera quality is amazing.,Positive
Excellent quality headphones with crystal clear sound.,Positive
The smartwatch is stylish and very accurate with fitness tracking.,Positive
"Very disappointing purchase, not worth the price.",Negative
This phone's battery lasts all day and the camera quality is amazing.,Positive
"Very disappointing purchase, not worth the price.",Negative
The sound quality is bad and the battery drains fast.,Negative
"Poor quality fabric, started tearing after one wash.",Negative
It meets my expectations but didn't exceed them.,Neutral
"Average quality, neither too good nor too bad.",Neutral
The sound quality is bad and the battery drains fast.,Negative
"Poor quality fabric, started tearing after one wash.",Negative
"Product is okay, works as described but nothing exceptional.",Neutral
"The blender is powerful, easy to clean, and worth every penny.",Positive
The smartwatch is stylish and very accurate with fitness tracking.,Positive
"Product is okay, works as described but nothing exceptional.",Neutral
Great build quality and fast delivery.,Positive
The laptop crashed multiple times within the first week of use.,Negative
Great build quality and fast delivery.,Positive
The sound quality is bad and the battery drains fast.,Negative
This phone's battery lasts all day and the camera quality is amazing.,Positive
The sound quality is bad and the battery drains fast.,Negative
The sound quality is bad and the battery drains fast.,Negative
"The blender is powerful, easy to clean, and worth every penny.",Positive
The smartwatch is stylish and very accurate with fitness tracking.,Positive
"Product is okay, works as described but nothing exceptional.",Neutral
It meets my expectations but didn't exceed them.,Neutral
"Poor quality fabric, started tearing after one wash.",Negative
Great build quality and fast delivery.,Positive
"The shoes fit well, but the delivery took longer than expected.",Neutral
Excellent quality headphones with crystal clear sound.,Positive
The sound quality is bad and the battery drains fast.,Negative
"The shoes fit well, but the delivery took longer than expected.",Neutral
The phone heats up quickly even during normal use.,Negative
The sound quality is bad and the battery drains fast.,Negative
The sound quality is bad and the battery drains fast.,Negative
The smartwatch is stylish and very accurate with fitness tracking.,Positive
The laptop crashed multiple times within the first week of use.,Negative
The phone heats up quickly even during normal use.,Negative
Great build quality and fast delivery.,Positive
"The blender is powerful, easy to clean, and worth every penny.",Positive
"The shoes fit well, but the delivery took longer than expected.",Neutral
"The shoes fit well, but the delivery took longer than expected.",Neutral
"Product is okay, works as described but nothing exceptional.",Neutral
"The shoes fit well, but the delivery took longer than expected.",Neutral
The phone heats up quickly even during normal use.,Negative
"The blender is powerful, easy to clean, and worth every penny.",Positive
"The packaging was fine, but the product doesn't feel as premium as advertised.",Neutral
"The blender is powerful, easy to clean, and worth every penny.",Positive
"Product is okay, works as described but nothing exceptional.",Neutral
Excellent quality headphones with crystal clear sound.,Positive
"Product is okay, works as described but nothing exceptional.",Neutral
"Very disappointing purchase, not worth the price.",Negative
"The packaging was fine, but the product doesn't feel as premium as advertised.",Neutral
Great build quality and fast delivery.,Positive
"The shoes fit well, but the delivery took longer than expected.",Neutral
This phone's battery lasts all day and the camera quality is amazing.,Positive
"Very disappointing purchase, not worth the price.",Negative
"The blender is powerful, easy to clean, and worth every penny.",Positive
The smartwatch is stylish and very accurate with fitness tracking.,Positive
"Average quality, neither too good nor too bad.",Neutral
"The shoes fit well, but the delivery took longer than expected.",Neutral
"Average quality, neither too good nor too bad.",Neutral
Great build quality and fast delivery.,Positive
The sound quality is bad and the battery drains fast.,Negative
The sound quality is bad and the battery drains fast.,Negative
"The packaging was fine, but the product doesn't feel as premium as advertised.",Neutral
It meets my expectations but didn't exceed them.,Neutral
The smartwatch is stylish and very accurate with fitness tracking.,Positive
"The blender is powerful, easy to clean, and worth every penny.",Positive
"Product is okay, works as described but nothing exceptional.",Neutral
This phone's battery lasts all day and the camera quality is amazing.,Positive
"The blender is powerful, easy to clean, and worth every penny.",Positive
"Average quality, neither too good nor too bad.",Neutral
Excellent quality headphones with crystal clear sound.,Positive
"The blender is powerful, easy to clean, and worth every penny.",Positive
"Poor quality fabric, started tearing after one wash.",Negative
Great build quality and fast delivery.,Positive
"Average quality, neither too good nor too bad.",Neutral
The sound quality is bad and the battery drains fast.,Negative
Excellent quality headphones with crystal clear sound.,Positive
"Very disappointing purchase, not worth the price.",Negative
The phone heats up quickly even during normal use.,Negative
"Average quality, neither too good nor too bad.",Neutral
"The blender is powerful, easy to clean, and worth every penny.",Positive
The smartwatch is stylish and very accurate with fitness tracking.,Positive
"The blender is powerful, easy to clean, and worth every penny.",Positive
It meets my expectations but didn't exceed them.,Neutral
"Product is okay, works as described but nothing exceptional.",Neutral
The sound quality is bad and the battery drains fast.,Negative
Great build quality and fast delivery.,Positive
"Poor quality fabric, started tearing after one wash.",Negative
Excellent quality headphones with crystal clear sound.,Positive
"The blender is powerful, easy to clean, and worth every penny.",Positive
"Poor quality fabric, started tearing after one wash.",Negative
Great build quality and fast delivery.,Positive
Great build quality and fast delivery.,Positive
"The blender is powerful, easy to clean, and worth every penny.",Positive
"The blender is powerful, easy to clean, and worth every penny.",Positive
"Very disappointing purchase, not worth the price.",Negative
"Poor quality fabric, started tearing after one wash.",Negative
Great build quality and fast delivery.,Positive
"The blender is powerful, easy to clean, and worth every penny.",Positive
The phone heats up quickly even during normal use.,Negative
The laptop crashed multiple times within the first week of use.,Negative
"Average quality, neither too good nor too bad.",Neutral
"Poor quality fabric, started tearing after one wash.",Negative
"Product is okay, works as described but nothing exceptional.",Neutral
This phone's battery lasts all day and the camera quality is amazing.,Positive
"Poor quality fabric, started tearing after one wash.",Negative
"Poor quality fabric, started tearing after one wash.",Negative
The sound quality is bad and the battery drains fast.,Negative
The sound quality is bad and the battery drains fast.,Negative
"Poor quality fabric, started tearing after one wash.",Negative
Great build quality and fast delivery.,Positive
Great build quality and fast delivery.,Positive
"Product is okay, works as described but nothing exceptional.",Neutral
"Product is okay, works as described but nothing exceptional.",Neutral
This phone's battery lasts all day and the camera quality is amazing.,Positive
The laptop crashed multiple times within the first week of use.,Negative
The smartwatch is stylish and very accurate with fitness tracking.,Positive
This phone's battery lasts all day and the camera quality is amazing.,Positive
This phone's battery lasts all day and the camera quality is amazing.,Positive
It meets my expectations but didn't exceed them.,Neutral
The phone heats up quickly even during normal use.,Negative
"The shoes fit well, but the delivery took longer than expected.",Neutral
"Very disappointing purchase, not worth the price.",Negative
"Product is okay, works as described but nothing exceptional.",Neutral
The laptop crashed multiple times within the first week of use.,Negative
The phone heats up quickly even during normal use.,Negative
This phone's battery lasts all day and the camera quality is amazing.,Positive
This phone's battery lasts all day and the camera quality is amazing.,Positive
This phone's battery lasts all day and the camera quality is amazing.,Positive
Great build quality and fast delivery.,Positive
"The shoes fit well, but the delivery took longer than expected.",Neutral
"The packaging was fine, but the product doesn't feel as premium as advertised.",Neutral
"Very disappointing purchase, not worth the price.",Negative
"Average quality, neither too good nor too bad.",Neutral
Excellent quality headphones with crystal clear sound.,Positive
"Product is okay, works as described but nothing exceptional.",Neutral
Great build quality and fast delivery.,Positive
It meets my expectations but didn't exceed them.,Neutral
"Product is okay, works as described but nothing exceptional.",Neutral
"The blender is powerful, easy to clean, and worth every penny.",Positive
